County_1,FIPS,State,Population,X,Y,Hum_17,Pre_17,Tmax_17,Tmin_17,WS_17,Hum_18,Pre_18,Tmax_18,Tmin_18,WS_18,Hum_19,Pre_19,Tmax_19,Tmin_19,WS_19,Hum_20,Pre_20,Tmax_20,Tmin_20,WS_20,Hum_21,Pre_21,Tmax_21,Tmin_21,WS_21,Hum_22,Pre_22,Tmax_22,Tmin_22,WS_22,Hum_23,Pre_23,Tmax_23,Tmin_23,WS_23,Hum_24,Pre_24,Tmax_24,Tmin_24,WS_24
Adams,17001,Illinois,65435,-91.1848,39.9877,83.48972038,2.41457529,28.87826532,16.43038929,3.828487849,85.17500787,4.235708231,29.33740045,18.11086035,3.835810281,93.92157313,4.115370301,28.39002531,18.08518272,3.574132831,92.37030173,3.153757639,28.03056487,17.06124708,3.564110968,92.91412295,4.195617464,28.80934563,17.72788022,3.425731586,85.81279446,3.216717904,28.54055802,17.38629378,3.610065679,80.156819,2.598918835,28.81206294,16.64385195,3.509917242,86.95723323,2.887002528,28.87465134,17.1005505,3.662824982
Alexander,17003,Illinois,5761,-89.3379,37.1964,92.40908099,1.849714515,29.80049365,18.06072021,2.966212944,94.91245585,3.769076758,30.32517695,19.71844876,3.098564885,96.61192499,4.050404302,30.36116525,19.34813735,2.975128266,95.7510072,3.810848079,29.43386739,18.57764971,2.939468935,95.5957628,3.284056308,29.89927235,18.89146873,3.025801796,92.11873581,2.064861117,30.89559615,18.90465143,2.979363984,92.35483785,4.62789625,29.96826682,18.33339318,2.979814349,94.3563592,3.490334276,30.10947111,18.60180046,3.123587344
Bond,17005,Illinois,16426,-89.4356,38.8868,87.52634197,2.671293005,29.57846068,16.66475233,3.785671438,93.62165288,4.407457748,29.67491357,18.44297918,3.747461478,96.25708257,5.671326377,29.29185446,18.00705811,3.691403027,95.13529741,3.190252771,28.8691192,17.0600427,3.511251988,95.11327856,4.646224068,29.18346403,17.84423596,3.513614188,91.1820618,4.352683305,28.98086302,17.68744351,3.610157707,87.93172214,3.354471728,28.87877013,16.41571503,3.666769333,90.27960134,3.576298338,29.50177035,17.69350626,3.822610057
Boone,17007,Illinois,53544,-88.8234,42.3231,94.29935392,3.828716419,26.57944101,13.91545384,3.932771904,96.52473071,5.729556392,26.58688361,14.93039626,3.876065775,95.95395371,4.712022675,26.61314856,15.17634278,3.80861198,92.79567843,3.497108712,27.29448732,14.75983709,4.06674539,87.90389394,2.620614479,28.14521546,15.17794614,4.116745821,91.88412336,4.545900032,26.41335393,14.53263821,4.16648062,84.94161103,3.024114313,26.70637253,14.31515461,3.842082198,92.34844404,3.880356277,27.16137911,14.74633371,3.891934415
Brown,17009,Illinois,6578,-90.7503,39.9618,86.75419884,2.218833902,28.87403164,15.83493554,3.915249811,89.38544117,3.94391365,29.17197057,17.44903868,3.916483735,95.36955053,3.937136324,28.35320467,17.542926,3.710814297,94.699153,2.975417994,28.06360517,16.52473088,3.645824757,94.347897,4.322357665,28.68294271,17.3049774,3.518512432,89.681143,3.064877459,28.33742907,16.79273003,3.706306723,83.88259533,2.443423704,28.59551049,16.055039,3.595764287,89.50362611,3.176026616,28.79081194,16.78893541,3.769308891
Bureau,17011,Illinois,32628,-89.5287,41.4042,89.0000307,2.873430655,27.45474886,14.78569337,3.708971677,91.67015968,3.954624196,27.8387369,16.39619639,3.646214927,93.39884198,4.961436979,27.43516298,16.46893535,3.525647419,90.94754525,3.115395304,27.74003324,15.60283427,3.60977729,89.26717229,2.853200784,28.56453796,16.5375596,3.575292587,88.92297353,3.621550427,27.22664079,15.70156135,3.671563383,84.58572387,3.044702875,27.59148332,15.10760023,3.489477051,88.71389938,2.983536424,27.95362629,15.72181367,3.602464317
Calhoun,17013,Illinois,4739,-90.6649,39.1721,86.04599076,2.046078973,29.82173698,16.89882327,3.631391072,88.38620983,3.352707862,30.24363301,18.64780435,3.719645674,94.8027085,3.932294121,29.2658014,18.56057675,3.508754085,94.38856734,3.492924929,29.10424327,17.58130759,3.337479363,93.83462103,5.046048097,29.79486776,18.26029487,3.317796152,88.73597085,2.855357022,29.66013517,17.78822317,3.491883249,83.69184673,2.543989796,29.50914493,17.09776642,3.495144753,90.21982749,3.188559395,29.71729357,17.62986114,3.618217292
Carroll,17015,Illinois,14305,-89.9246,42.0702,92.87032763,3.382079443,27.32973734,14.05728544,3.734362144,95.3542201,5.904386687,27.46573254,15.22277209,3.721887814,95.18076904,5.01388276,27.03415899,15.66668027,3.581261755,91.68253083,3.232816785,27.45541426,15.11385346,3.779175458,88.8095265,1.930727848,28.18641898,15.6904502,3.761177277,90.16206109,4.430021883,26.785776,15.25126264,3.864512966,83.37552146,2.514305002,27.51169343,14.6070582,3.647926402,90.76206644,3.81321039,27.80334023,15.21833386,3.635180285
Cass,17017,Illinois,12147,-90.2474,39.9736,85.99288615,1.651432622,29.37981108,15.88578995,3.976608156,91.76486901,4.246243848,29.32719481,17.38767737,3.961909378,94.83411688,3.918195625,28.8089937,17.40604735,3.783598611,94.17509594,2.540772902,28.63825988,16.38990216,3.721504263,94.10017144,4.294599626,29.16418662,17.35201329,3.578033641,91.03907797,3.229439108,28.85536715,16.68223811,3.79505195,85.59834637,2.362457298,29.03254434,15.94207841,3.648923074,90.29080189,3.228968596,29.01695929,16.70637251,3.831760808
Champaign,17019,Illinois,209689,-88.1992,40.1401,87.17287352,2.107845156,28.46933413,15.82683492,3.7181257,93.7048703,4.59712548,28.50108915,17.32197597,3.567442265,93.92326856,2.601388502,28.25553718,16.73348521,3.594376899,92.7614764,3.110303033,28.00506238,15.99228295,3.453715895,92.73600495,3.971492927,28.57082836,17.17996306,3.516442736,90.4890624,2.722130585,28.26593749,16.25651462,3.572681788,86.00066355,2.665401875,28.1842794,15.70797464,3.423976944,90.03446699,3.420329168,28.13007929,16.4561881,3.562194615
Christian,17021,Illinois,32304,-89.2773,39.5458,86.44682664,1.862649689,29.01673657,16.06372475,3.850025144,94.48744672,4.792936971,28.92615186,17.70783381,3.732046885,95.09062156,4.236352111,28.67770141,17.45869173,3.717942619,93.88344294,2.604866296,28.47237289,16.5474707,3.58799909,94.26864031,4.416068273,28.94473729,17.46087297,3.528670168,91.64446589,3.919274776,28.44143063,16.97757582,3.634879971,86.13751364,2.615162441,28.61341392,16.23372802,3.595321633,90.5345428,3.120825598,28.71772512,16.85511655,3.822745311
Clark,17023,Illinois,15441,-87.7877,39.3336,89.21322051,2.177703114,29.12633474,16.04176957,3.616465909,95.15447,5.117160414,29.36247365,17.89184747,3.448042135,95.26635442,3.829460835,29.32064914,17.36171592,3.530893135,94.65672983,3.197186422,28.43449177,16.41985428,3.334522911,95.504329,4.307670845,28.56944853,17.25372763,3.466532101,93.14441783,3.336530562,28.90501865,16.86385743,3.41945158,88.55721758,3.00797057,28.5408586,15.9457016,3.428019147,91.17874984,2.435616648,28.74805458,16.41554081,3.616940001
Clay,17025,Illinois,13184,-88.4902,38.7541,88.01034734,1.919496628,30.05107403,16.55257413,3.645716545,93.44493801,5.380674488,30.03696392,18.59943929,3.4750187,95.95156828,3.710490325,30.0114052,18.00865699,3.511645766,95.33390818,3.417311664,29.18343574,17.09596501,3.335514728,95.55264018,5.033251763,29.43134401,17.80906849,3.400091929,92.90503915,5.385835782,29.50303665,17.52940924,3.376832391,87.54047358,3.383493363,29.63685791,16.88188176,3.454142608,91.29604208,3.821621899,29.71589572,17.48168731,3.604656638
Clinton,17027,Illinois,37562,-89.4225,38.6064,86.50549241,1.975902563,29.74424799,17.26469634,3.674456245,92.39833183,5.319349381,29.83619249,19.09293289,3.605882894,95.21361615,4.507881203,29.53059972,18.63965729,3.600190799,94.97333436,3.522532961,29.03736256,17.62061917,3.41926691,94.29185074,3.968418403,29.44882744,18.38135531,3.446372564,90.01351137,3.92900199,29.52101736,18.23576396,3.482509231,85.37018218,2.865009328,29.60836059,17.50016143,3.579392771,90.75773042,4.512457917,29.66605946,18.16905299,3.689934957
Coles,17029,Illinois,50621,-88.2218,39.5203,86.4599174,1.889236579,28.92053246,16.20624985,3.770011338,93.80241616,4.953207759,28.9053059,17.97425782,3.594984855,93.26184979,3.70835913,28.96889831,17.63748849,3.670855425,92.42685133,3.256169538,28.56290922,16.8426758,3.487225909,92.73066106,4.86755874,29.0832562,17.77959198,3.554427762,91.07071571,3.542421594,28.68726278,17.03322253,3.56956817,86.1266345,2.731150752,28.64248144,16.22848879,3.542764149,90.22106206,3.342517655,28.4856508,16.65409965,3.72759472
Cook,17031,Illinois,5150233,-87.8168,41.8401,85.99302353,2.644728493,26.98567235,16.0532431,3.840832462,89.86909298,4.022197895,27.33991875,16.97876303,3.873144266,89.9228588,4.334844701,26.7842539,16.8175323,3.803427734,84.61355603,2.716444544,27.43310234,17.03958186,3.881133377,82.0810732,3.103974262,27.80309198,17.74408271,4.028961884,82.67208701,3.109863139,26.95385754,16.97811097,4.007345583,79.90509621,3.887430579,26.13358913,16.33682183,3.691988194,84.18690305,3.351249247,27.77939431,16.87303173,3.769223045
Crawford,17033,Illinois,18667,-87.7596,39.0027,91.34095992,2.058746941,29.06349664,16.06539738,3.374272444,96.2388897,5.453094576,29.52598961,18.08598129,3.173566913,96.6908075,3.864300984,29.38995192,17.5927124,3.247755358,96.39232448,3.318016983,28.54138033,16.53402636,3.059309384,96.89347477,4.840202887,28.8372286,17.28448497,3.202764083,94.55200579,3.718880662,29.10539919,17.18738112,3.086614888,89.63520894,2.851030132,28.82616509,16.4464189,3.175042979,91.78878003,2.690101815,29.13464854,17.01169543,3.309629903
Cumberland,17035,Illinois,10766,-88.2402,39.2733,88.00521381,1.794440168,29.4747909,16.15078715,3.798657063,94.74744847,5.54018149,29.41120324,18.00685917,3.622612776,94.89812435,3.953428637,29.34408912,17.54756304,3.716080481,94.59788219,3.619201902,28.60901782,16.66927772,3.503741077,94.80547989,4.02054361,29.00165287,17.54270724,3.59590162,92.88929902,4.632002809,28.9353172,17.01613906,3.574364988,87.45389977,3.014088053,28.87034009,16.17169064,3.589437211,90.99777586,3.600714796,28.86459086,16.7145393,3.785970892
DeKalb,17037,Illinois,104897,-88.7703,41.8935,92.88308482,3.33591502,26.84899447,14.16654409,3.984796261,94.72663597,4.049858257,27.11802014,15.51325874,3.932169583,94.37639469,4.453446369,26.78076581,15.71544428,3.837925357,91.53273033,3.04351028,27.24227289,14.98195411,4.073757407,88.65127249,2.641674784,28.06159939,15.46168401,4.123205528,90.57346744,4.013494875,26.46530572,15.04593756,4.141982736,85.07505064,3.015146449,26.67375897,14.50058606,3.875228679,89.75472037,3.436050287,27.32613102,15.10083857,3.971157931
De Witt,17039,Illinois,15638,-88.9041,40.1746,86.06902132,1.686750401,28.60701741,15.69108149,3.832159555,92.34804399,3.241497815,28.77042805,17.17654546,3.808432912,93.75119496,3.167569547,28.41509485,16.94058578,3.67839549,92.17413825,2.25487504,28.26846268,16.17918602,3.607652289,92.60988906,4.093598556,28.74357154,17.18278659,3.552556784,91.09815251,2.502382447,28.29432089,16.26315296,3.687890408,86.85082345,3.385925677,28.23496111,15.59247866,3.495267779,90.11048916,2.873899877,28.0831216,16.44631956,3.724849418
Douglas,17041,Illinois,19465,-88.2174,39.7695,86.81304191,1.852270731,28.77467714,15.96559716,3.76857723,94.01989434,4.313557584,28.79755778,17.67698377,3.608212015,93.18933784,3.094822477,28.75801742,17.32572645,3.621071912,92.35059365,2.968156416,28.45254419,16.53913883,3.485208506,91.50993713,4.714098506,29.12702352,17.82267083,3.497600321,90.7022269,2.45497555,28.55031574,16.72521059,3.564860174,86.03788232,3.101232758,28.42183197,16.05379459,3.492675128,90.05876718,3.33165399,28.43163464,16.56300225,3.643362411
DuPage,17043,Illinois,922921,-88.0857,41.852,90.9315972,2.546450143,27.54555045,14.94493132,3.975308231,92.76471072,3.770662472,27.8522439,16.33184719,3.949273419,91.60291289,4.050651112,27.48354816,16.59863457,3.864537721,88.32557239,2.468563112,27.84374185,16.16754198,4.031417639,86.24170178,3.066994676,28.28318269,16.68878465,4.146696108,87.18915302,2.962281213,27.29893145,16.00639796,4.128193772,83.19324423,3.354603412,27.01961719,15.54703375,3.829279054,87.76658086,3.154797024,28.107528,16.03139469,3.941391812
Edgar,17045,Illinois,17161,-87.7456,39.6786,90.04908983,1.959279971,28.59923957,15.62568926,3.670773567,96.52189774,4.46803463,28.5686793,17.31105186,3.530608601,95.31694641,3.52868328,28.73195668,16.99944867,3.600924093,93.8892787,3.58247349,28.63560479,16.29141005,3.406841704,95.75958292,4.696130131,28.86041511,17.00601879,3.549505424,93.85432082,2.827914609,28.6579999,16.19695484,3.546570752,89.11617368,2.9444114,28.62425661,15.55275479,3.46507079,92.11423465,2.909384716,28.7983794,16.07091873,3.651389469
Edwards,17047,Illinois,6395,-88.0533,38.4165,89.2293945,2.231451154,30.02201531,17.09930698,3.384262606,94.27369261,4.882836902,30.41349055,18.99234184,3.196075098,96.80204304,4.039935174,30.2043547,18.32494393,3.244096483,95.86086447,2.976660576,29.33428507,17.57542905,3.084563815,95.88191543,5.209440009,29.698709,18.22251264,3.209717883,93.1796288,4.663632035,29.86707311,18.12236884,3.100542032,89.20596678,3.479644497,29.72687222,17.31882756,3.211438072,90.54826959,3.355653103,30.18638802,18.06880716,3.334702721
Effingham,17049,Illinois,34008,-88.5899,39.0598,87.57095305,1.855982724,29.76048206,16.28479885,3.836249061,94.3997157,5.564216933,29.61034821,18.18671842,3.679383637,95.64859335,3.872667035,29.55511432,17.69435943,3.723376501,94.91346333,3.107923452,28.71497772,16.81730956,3.534507726,95.22707759,3.966865966,29.13599306,17.57009922,3.585176895,92.7378252,5.538410698,28.95377729,17.21873739,3.603669069,86.75290753,2.424348178,29.22919373,16.47797706,3.638887804,91.41711895,3.315340474,29.35829846,16.96125888,3.820222935
Fayette,17051,Illinois,21336,-89.0242,39.0002,87.76039421,2.10820395,29.51408719,16.24979406,3.807028906,94.60109863,5.294783448,29.3844936,18.06838543,3.688022288,96.51529077,4.438913904,29.11583428,17.65097949,3.684890227,95.04736389,3.083690521,28.61551512,16.72513716,3.520937039,95.87526854,4.201496372,29.05008327,17.39347119,3.526055803,92.25449568,4.148205081,28.87368112,17.2697408,3.594133357,87.18777255,2.611281176,29.00499521,16.42306811,3.626622957,91.03258297,3.505951766,28.92975971,17.26791734,3.810479483
Ford,17053,Illinois,12961,-88.2233,40.5972,91.56700946,3.019090986,28.04316354,15.0800383,3.699378192,94.0619607,3.525825477,28.55330917,16.61671191,3.700249011,94.80547943,3.052761224,28.09258544,16.3228171,3.631926837,92.90159891,3.165805974,28.03492447,15.63830318,3.54163474,91.90368016,4.352512684,28.62568232,17.03300784,3.647856923,90.94076037,2.828647572,28.18169962,15.90089798,3.709765351,87.81061487,2.903435374,28.04868348,15.22416089,3.468130025,90.86135166,2.676736908,28.00029511,15.95027754,3.651499209
Franklin,17055,Illinois,38469,-88.9242,37.9923,88.83478629,1.999551657,29.74724713,17.52913954,2.912973216,94.07947196,4.139413461,30.00390867,19.1050443,2.860496224,96.58662239,2.371064588,30.04581971,18.50542373,2.875400391,94.66931769,2.853284537,29.19076976,18.20141875,2.741990958,95.73014202,4.086376468,29.69709476,18.35083225,2.791751494,92.6768663,2.906565104,30.01278326,18.00171668,2.77392588,89.00811908,3.33492105,30.19011445,17.89410168,2.879890389,92.08360244,3.607624183,30.066379,18.27649572,2.979144967
Fulton,17057,Illinois,34340,-90.2075,40.4728,86.76912803,2.231658906,28.43947894,15.43375781,3.998526997,91.63492012,4.194181299,28.56327891,16.96576424,4.00900181,95.3112107,3.823457889,28.18384822,17.03248792,3.787854294,93.94115333,2.957664692,27.97880952,15.98403695,3.822573405,94.25828151,3.050677355,28.50517602,16.70088659,3.633296505,90.73259168,2.590304241,28.0399159,16.04797309,3.840554544,86.1593279,2.81515401,28.33253754,15.46616216,3.633734873,91.0001228,3.616946375,28.45767409,16.05757318,3.835899534
Gallatin,17059,Illinois,4828,-88.2305,37.7628,91.9898042,2.388901266,29.68648289,17.50211416,3.088117197,95.11039559,3.751509131,30.24249425,19.19811114,3.015396978,97.74211947,3.239441441,30.15742724,18.21871571,3.013548487,96.99471354,4.345247853,28.96347375,17.62526357,2.881095984,96.64628831,3.617818349,29.528585,18.2025599,3.024230656,93.83368199,3.314767618,30.36191921,18.08746118,2.93366851,92.75839867,2.658922741,29.8277001,17.44791325,3.046437203,93.19556123,4.201973675,30.35837237,18.1517231,3.122933172
Greene,17061,Illinois,12969,-90.3905,39.3562,86.36003834,1.900444891,29.45662535,16.47525518,3.734151536,90.73775417,3.536891508,29.85277768,18.17302295,3.770474295,95.54249255,3.466428493,29.0524814,17.98119571,3.615838954,94.96145221,3.102566424,28.84349138,17.07673325,3.443906533,94.94947918,4.789604914,29.41673779,17.75804175,3.399554744,90.92762189,3.197241204,29.09563119,17.24128337,3.576048478,85.70887192,2.417433156,29.08369809,16.46463766,3.558043278,91.0962032,2.971710604,29.3414765,17.13485767,3.708982234
Grundy,17063,Illinois,51054,-88.4185,41.2851,91.19797153,2.703826546,27.73453748,14.86576357,3.588869808,92.21015711,3.098734082,28.27788959,16.30859368,3.601012976,93.30244061,5.462107218,27.66228502,16.44246863,3.459502834,90.51051257,3.110195643,28.06991111,15.85648006,3.481050409,89.05843728,3.389377479,28.31405399,16.72221807,3.593819209,89.94194234,2.533725108,27.54527727,15.41238499,3.633026085,86.85650114,3.06507025,27.39581356,14.89060505,3.411641441,88.78425669,2.875318658,28.46419699,15.90150968,3.533788908
Hamilton,17065,Illinois,8116,-88.5391,38.0816,90.26122136,2.284951925,29.83569902,17.17807355,3.181057311,94.26259463,4.146300876,30.16710023,18.96240928,3.071149542,96.69040573,3.034401874,30.06559514,18.35004651,3.076894709,95.67975112,3.289714547,29.20119461,17.76262574,2.953468023,96.191547,4.446885798,29.65519427,18.12556913,3.008737509,92.72865083,3.155201407,29.98860258,17.92336233,2.976554927,90.54129972,2.713666454,30.10092449,17.37927298,3.078128751,92.14728795,3.696467939,30.20578758,18.01673189,3.166398784
Hancock,17067,Illinois,17708,-91.1596,40.4021,84.06104095,2.430544132,28.68719798,16.16496002,3.971736653,87.24335161,4.381747727,28.99904246,17.75600572,3.920646903,94.63331602,4.225619393,28.30038935,17.83392395,3.671856701,92.32318628,3.357260801,27.89238965,16.90001364,3.720979309,93.06475459,3.640103183,28.63987059,17.68850102,3.53278637,86.06165151,3.050521496,28.34818944,17.12140047,3.76477894,81.4593117,2.476129506,28.50340071,16.49409025,3.577102971,88.44625846,2.934062245,28.47323695,16.75089105,3.747231254
Hardin,17069,Illinois,3821,-88.2669,37.5182,93.13323194,2.15265737,29.27673652,17.26043208,3.287582522,95.75627907,4.265693477,29.65245229,19.00793195,3.294873601,98.03774582,2.976231942,29.7605985,18.00402402,3.263074851,96.74107652,4.509621899,28.51873733,17.73963639,3.130040759,96.06218933,3.725392775,28.9867517,18.22230298,3.276088331,94.13379501,3.120713754,30.13720267,17.94914424,3.21097154,92.97200579,3.100477933,29.6036917,17.52218991,3.290817742,93.25580443,4.228044915,30.09882195,18.20360476,3.34411998
Henderson,17071,Illinois,6646,-90.9204,40.8181,84.91944926,2.438220525,28.35969264,15.68120153,3.974899494,89.36282884,3.700324832,28.57150242,17.23597914,3.889746351,94.50255674,3.943617756,28.05462706,17.38505065,3.696184141,92.68503879,2.999336021,27.86224711,16.27902032,3.783074925,93.83935568,3.818929313,28.4833383,17.12507212,3.577044704,86.99488608,2.558517382,27.91340906,16.55531474,3.833097403,83.67274649,3.060105715,28.0663789,16.09751445,3.559051205,90.45215349,3.147839661,28.18291031,16.15834348,3.724698696
Henry,17073,Illinois,48913,-90.1314,41.3531,88.78605302,2.88911037,27.79919371,14.95635384,3.816385962,91.84706885,4.565503392,28.01684223,16.47309397,3.754948215,94.47087065,4.501624088,27.7819482,16.61814133,3.625825159,91.94908925,3.708462667,27.73933442,15.6588737,3.718366956,91.81088582,3.39852582,28.48639312,16.6081075,3.575699028,89.23688767,3.521013416,27.3895213,15.91459846,3.740338426,83.70668284,3.057538278,27.82584195,15.54445744,3.547410434,90.17424351,3.128694715,28.12427011,15.8980646,3.682797302
Iroquois,17075,Illinois,27114,-87.8243,40.7472,92.54691616,3.968137224,27.83495448,15.06662052,3.699161704,93.18699751,3.454099874,28.44586867,16.5367651,3.73916445,94.05518729,3.583088986,28.08518274,16.31740894,3.63758452,92.18909492,3.120088603,28.0267728,15.59634108,3.572903283,91.63623656,3.926435093,28.45721417,16.75777018,3.692758707,91.12623484,2.934636989,27.95584175,15.6303219,3.751826777,87.81278138,3.080300913,27.76382973,14.95021788,3.487418665,90.10379118,2.761632855,28.12452311,15.89034889,3.675546423
Jackson,17077,Illinois,56750,-89.3812,37.7855,91.1875009,2.451525495,29.73822904,17.36167812,2.947613444,93.92812904,4.672464853,30.02980067,19.20643354,2.980481634,96.75621918,3.213420754,30.18116004,18.63860295,2.946289527,95.64075869,3.238326531,29.37912433,18.02613962,2.82710609,95.0669014,3.60394534,29.6760593,18.47336402,2.888782991,92.54617415,2.270363864,30.21751514,18.05900658,2.848311094,91.16291096,3.614837262,30.26609151,17.59044354,2.945215808,92.02476391,4.11750852,30.00169679,18.30079921,3.086483128
Jasper,17079,Illinois,9610,-88.1538,39.01,88.64401663,2.104955338,29.23317624,16.44616536,3.731234467,94.10514099,5.540488976,29.37295723,18.48132753,3.551870777,95.3968472,3.360980363,29.46967622,17.85853809,3.622705967,95.06341796,3.554982092,28.62768663,16.96979986,3.419908477,95.19748509,4.418750845,28.9484696,17.73805436,3.50571651,93.21239588,4.739310871,29.01374997,17.34154667,3.476585736,86.36928052,2.679652712,28.97613739,16.81596598,3.52637648,90.58800827,3.071092858,29.16024053,17.20036817,3.701391749
Jefferson,17081,Illinois,37684,-88.924,38.3005,88.19129562,1.892787366,29.71355068,16.91698405,3.242663974,93.31301306,4.7663601,29.83274079,18.78772159,3.150349503,95.89072845,3.112834662,29.69270807,18.35646512,3.167964047,94.85780641,2.452261493,29.24894578,17.66435948,3.024098959,95.93245077,4.305327245,29.62618063,18.02593545,3.07147701,92.46329983,3.490700905,29.76038995,17.69477007,3.053930527,88.5224091,2.729293221,30.14787665,17.24040269,3.159920719,92.43374675,4.052416479,29.97851424,17.77889406,3.250401325
Jersey,17083,Illinois,21773,-90.3568,39.087,87.18735756,2.033272529,29.5350335,16.77675024,3.63074209,91.55737615,2.898043919,30.00771613,18.37915361,3.72891717,95.67579946,3.314842869,29.20897433,18.33314727,3.512077879,94.83268687,2.937476041,29.04203269,17.42807717,3.341038163,94.86060148,4.105314959,29.59839174,18.08263474,3.322503395,90.72733186,2.811362042,29.40505605,17.68367761,3.490451328,86.2107568,2.80660451,29.19340945,16.85365869,3.500565961,90.94732443,3.05905289,29.84711955,17.56945142,3.619817706
Jo Daviess,17085,Illinois,21235,-90.2062,42.366,93.74098007,3.567672546,26.46212926,13.75183314,3.709770473,96.04430128,6.527938374,26.62361714,15.10120762,3.696281281,96.15109547,5.633532799,26.23300771,15.25741999,3.566249607,93.34498027,4.113570006,26.66410996,14.78818495,3.782529413,88.70902413,2.066882123,27.6114904,15.27646958,3.791467986,90.22337051,4.06516273,26.12356483,14.99386326,3.880199898,84.41523062,2.880159638,26.91482217,14.22989222,3.646438107,93.2081771,3.669028346,26.89201283,14.78825307,3.638265656
Johnson,17087,Illinois,12417,-88.8809,37.4596,91.94352043,2.5630352,29.79984588,17.76280719,2.908352577,95.10026453,3.71231248,30.18002823,19.43152747,2.983674909,97.47149893,3.195358437,30.25160945,18.73004713,2.908780367,96.08559619,4.179994971,29.2749269,18.25632823,2.834109313,96.17794411,3.220468182,29.59631854,18.51844245,2.947412586,93.2681575,2.869440588,30.22940839,18.34519389,2.87503699,92.64505905,3.84359177,29.7828013,17.86731939,2.908874032,93.76984835,3.805204416,30.05163872,18.39742017,3.022867877
Kane,17089,Illinois,532403,-88.4287,41.9389,92.71253415,3.260181254,26.94002269,14.36694419,3.987093913,94.52195379,4.205305874,27.29450794,15.70403894,3.936629101,93.96701633,4.260222574,26.98675464,15.84817533,3.851037975,91.71962297,2.910992693,27.42508082,15.15563918,4.060875354,87.7619781,3.035314643,28.07535635,15.83946876,4.150347599,90.28496474,3.549557203,26.64216459,15.18889844,4.14861251,84.66787219,3.26122083,26.73841887,14.79556326,3.860267492,89.36410421,3.361539062,27.63546568,15.3708985,3.962219188
Kankakee,17091,Illinois,109862,-87.8618,41.1377,92.28108564,3.261819412,27.57955984,15.01623123,3.584325488,92.76043135,3.091646807,28.32311941,16.42424511,3.66092182,94.03957414,4.618689187,27.67427331,16.36291035,3.55582481,91.55962946,2.876183596,27.94451317,15.79613006,3.503659435,90.64436378,3.567580928,28.1386978,16.73458462,3.661800571,90.83266255,2.725156597,27.5235213,15.53024812,3.686471152,88.10718976,3.01050527,27.17599344,14.84413974,3.413159801,91.29045159,2.961066361,28.0007147,15.54827943,3.578864102
Kendall,17093,Illinois,128990,-88.4288,41.5905,91.14139814,2.857047307,27.51181351,14.82745291,3.668518147,92.70534271,3.362064308,27.99786521,16.24481959,3.648522856,92.99377422,5.434419957,27.45800074,16.37088223,3.529460105,90.58947347,2.434159438,27.79515208,15.58694668,3.621822354,87.32423128,2.868254095,28.3069572,16.62097157,3.73130717,88.5201779,2.873923041,27.17862935,15.64390148,3.736502062,84.63798026,3.292239161,27.09887838,15.12520005,3.500477633,88.49417795,3.238236852,28.37676163,15.80303454,3.602110794
Knox,17095,Illinois,49699,-90.2133,40.9318,88.43475979,2.484987953,27.9300567,14.81687706,3.975097306,92.36423004,4.278839421,28.14491595,16.45829911,3.921831434,95.02916433,4.434098325,27.87355336,16.6282554,3.753471374,93.30343562,3.149626187,27.67470904,15.58092109,3.841714877,94.30444347,3.797449538,28.17889909,16.30776921,3.6482821,90.97343873,3.284975362,27.49837802,15.62879872,3.849591605,86.79283127,3.663546218,27.77004787,15.17025891,3.618732732,90.50733088,3.477082796,28.12138914,15.92011141,3.78508008
Lake,17097,Illinois,696535,-88.0036,42.3233,91.96546784,4.422210053,25.88461361,14.77201599,4.159084157,94.39550925,4.868509596,26.19037586,15.69764721,4.254567575,93.69077616,5.28839913,25.90483879,15.62974537,4.177073124,90.25671198,3.038993346,26.72407886,15.76747515,4.298013866,85.41626518,2.436323868,27.42344867,16.33648982,4.400899442,87.8911722,3.497970686,26.01343553,15.59081194,4.421001759,84.26836884,3.128289446,25.68101352,15.07152844,4.058444189,90.51673825,3.783499186,26.66410758,15.65453283,4.095288117
LaSalle,17099,Illinois,108669,-88.886,41.344,90.16670659,2.69552163,27.66995581,14.69495496,3.720457848,91.65667014,3.547299697,28.00620666,16.30566307,3.68807559,93.54749546,5.060283547,27.38349804,16.24527887,3.560233172,89.80374501,3.048132533,27.74455076,15.75903671,3.62473416,88.30170169,2.799874601,28.41764312,16.48527973,3.679732857,89.93417199,2.85467355,27.33036371,15.24485292,3.742375251,86.47318752,2.952761342,27.37488671,14.67732339,3.536625316,89.08349982,2.997416059,27.99490773,15.44246361,3.63764228
Lawrence,17101,Illinois,15678,-87.7267,38.7199,90.1668412,2.021095217,29.43589199,16.61421796,3.382775369,94.18562016,4.97931636,30.100034,18.81131005,3.164520636,96.94491467,4.014466523,29.73018775,17.9045939,3.242918771,95.91741339,3.047535752,29.0024539,17.10781256,3.062531142,95.66800112,4.621512964,29.24824019,17.90913606,3.218484766,93.97937555,4.038517139,29.49325634,17.74282678,3.080632173,89.44277367,2.870621361,29.44664353,16.84672971,3.18296487,91.1804184,3.23914802,29.61799962,17.45628227,3.313248419
Lee,17103,Illinois,34096,-89.3004,41.7462,91.94147762,2.885476192,27.16800089,14.35002205,3.866197515,94.56440219,4.775606411,27.41032965,15.69753131,3.819124796,94.99899421,4.841390037,27.02420927,15.85904742,3.709625928,91.91240995,2.937955044,27.47517801,15.08504595,3.892763389,89.49454222,2.065435063,28.4797747,15.80966358,3.908920813,91.19008493,4.035465589,26.87458111,15.03244054,3.952799022,85.52292791,2.921715914,27.26482318,14.57281505,3.721464322,89.89740948,3.244947109,27.82257415,15.25724425,3.834380302
Livingston,17105,Illinois,35648,-88.5577,40.8915,91.53236915,2.782691691,28.16600598,14.97028668,3.619199964,93.27733288,3.386012496,28.50346768,16.50056459,3.613020414,94.40269902,3.801375412,27.95146232,16.54275468,3.495404109,91.77903563,3.300786018,28.15760949,16.04427855,3.47018382,91.3069288,3.787547815,28.72750596,16.95354556,3.539798219,91.71939278,2.657220093,28.05107975,15.53909465,3.607980733,89.56768632,3.426152529,27.93010447,14.84066942,3.401897945,90.63918596,2.426404678,28.22673595,15.71339069,3.55072862
Logan,17107,Illinois,28618,-89.3675,40.1245,85.62340763,2.021150882,28.91815603,15.84748776,3.859518529,92.22471681,3.529892974,29.0416265,17.37037087,3.824580076,93.58805216,3.261696988,28.75160057,17.31486524,3.69825201,92.3401905,2.335210277,28.64349622,16.36990196,3.632731607,92.88630391,4.031676704,29.03948814,17.38427817,3.505646525,90.56279762,2.831680628,28.46882849,16.62885548,3.661566117,86.21408907,3.296602155,28.57913704,15.89824127,3.513648979,90.497503,3.189101186,28.58604986,16.50636225,3.743169038
McDonough,17109,Illinois,29682,-90.6779,40.4562,88.40391624,2.35864416,28.29830789,15.47998954,4.022823161,92.83518574,4.630297585,28.43897687,16.8035475,4.013890733,96.46276735,4.147645527,27.98203284,17.23753776,3.775350089,95.61962541,3.207061975,27.71147272,16.06339279,3.806543863,95.26541009,2.902562032,28.32666458,16.9160601,3.619638322,91.09327648,2.543040105,27.76740566,16.27567168,3.844506228,85.61157982,2.499209876,28.17747105,15.87949573,3.650845468,91.57072662,2.964055672,28.21053696,16.23408559,3.843160211
McHenry,17111,Illinois,307774,-88.4525,42.3244,95.02090858,3.906843843,26.56153593,13.79483651,3.994027628,96.97825307,5.320938522,26.72788693,14.77339341,3.949893365,96.5694311,4.998132962,26.51809025,14.82947732,3.887746144,94.43308875,3.306819071,27.19139107,14.5395272,4.124363106,89.56172255,2.783177842,28.0685978,14.99120805,4.196013157,92.08324452,3.873082254,26.45986113,14.47813388,4.249217767,86.91582779,2.979742979,26.64386338,14.15426965,3.890812551,93.09499863,3.780444361,27.29440944,14.76581959,3.939986663
McLean,17113,Illinois,171517,-88.8473,40.4909,88.69866176,2.370441809,28.47556612,15.32701538,4.007438295,93.10987184,3.065279548,28.75121943,16.80930146,3.958093286,94.4551637,3.249493124,28.23201981,16.7073172,3.833683061,92.46040129,3.075367632,28.27546311,16.02714496,3.776563508,92.49022269,4.398094231,28.85897705,17.02422127,3.774577433,90.89734099,2.480322404,28.34354526,16.01926198,3.898152847,87.96556205,3.425393921,28.21156174,15.28860039,3.643309646,91.22097268,2.821321978,28.17816256,15.91097502,3.854007244
Macon,17115,Illinois,104009,-88.9616,39.86,84.51861245,2.0473919,28.82898915,16.22326139,3.81828954,91.62013826,3.899011152,28.91230811,17.78559462,3.725911024,92.84281903,3.749334929,28.69138228,17.5638238,3.661922977,91.52863612,2.391586691,28.45873269,16.69655539,3.569843114,91.94643199,3.891868821,28.87485342,17.68196622,3.488839275,89.1444787,3.849594147,28.44650538,17.15278724,3.608154418,84.77925531,2.797205596,28.47902657,16.33628042,3.510714264,89.31922769,3.325277828,28.4323166,16.91203008,3.729234752
Macoupin,17117,Illinois,44926,-89.9244,39.261,86.85554227,2.353506921,29.28615088,16.35955019,3.807513191,92.83864731,3.553475779,29.57604552,18.01862884,3.782365328,95.88347472,3.563976999,29.01988551,17.7495966,3.691424268,94.87693647,3.095240439,28.77030039,16.88324362,3.518880126,94.72904638,4.338272026,29.22732247,17.76617191,3.480292536,90.85462832,3.955633126,28.91906145,17.38384836,3.614373958,86.67838826,2.69523006,28.81515634,16.30158812,3.616698461,91.19759307,2.73411769,29.13562945,16.97918559,3.806197245
Madison,17119,Illinois,262966,-89.9018,38.8302,87.11338967,2.750657759,29.55599168,17.28720515,3.621335844,92.91903447,3.814408738,29.90866358,18.78468721,3.609970902,96.13973322,4.647945488,29.30211882,18.46532607,3.523268093,95.29321661,3.585589532,29.00664214,17.61945723,3.344825229,93.77002524,4.187145216,29.65032616,18.63229916,3.34629979,89.212775,3.502910448,29.26160966,18.41443545,3.441178761,84.66265168,2.91467697,29.17667637,17.61042462,3.520671742,90.20517788,3.5760055,29.99213949,18.13906979,3.644118494
Marion,17121,Illinois,37205,-88.919,38.6496,87.70306739,1.917704326,29.73260039,16.55601942,3.623321687,92.70415332,5.666621012,29.7594213,18.64250111,3.475881122,95.89529374,4.871257858,29.67302784,18.16956311,3.495686741,94.54048171,3.304998481,29.13676193,17.31938877,3.333712396,95.18555098,4.666826065,29.44783388,17.95928569,3.384576419,91.80194583,4.213491806,29.46297884,17.69884346,3.373484514,87.0759521,3.728419585,29.63696219,17.06057988,3.452339264,91.03360604,4.491959575,29.68785539,17.75472029,3.586577869
Marshall,17123,Illinois,11438,-89.3447,41.0332,88.30493716,2.305194353,28.0935695,15.02807578,3.814620193,91.64609112,3.648472719,28.39813482,16.64281073,3.739627958,93.4038007,4.190389556,27.92429939,16.68128969,3.636173237,91.25973094,3.429633545,27.98949708,15.93291707,3.637081277,90.62188975,3.114805213,28.61038994,16.73910344,3.583360268,89.81844503,2.836476868,27.83401474,15.75555466,3.705659548,87.00866082,3.689598453,27.84858313,15.0822479,3.512216919,89.36478332,2.776915823,28.3568298,15.78150615,3.652205031
Mason,17125,Illinois,13359,-89.9168,40.2396,85.57943046,2.378550186,29.06442589,15.7624188,3.952556924,91.37473526,3.882406316,29.10529262,17.26961227,3.953896095,94.24792121,3.381279696,28.72209642,17.22481735,3.764162747,92.84006902,2.518575364,28.56601763,16.29983862,3.755408925,93.04589774,4.14283063,29.14310732,17.3403389,3.583280571,90.22232325,2.639008253,28.7158643,16.5692335,3.782514311,85.45832745,2.647171079,28.95506954,15.84570648,3.591322697,90.54637257,3.733322488,28.74565124,16.39916056,3.811580964
Massac,17127,Illinois,13772,-88.7077,37.219,92.76093814,2.830628083,29.73910856,18.07118514,2.922096994,95.55368174,4.613021509,30.40518131,19.68409306,3.012352043,97.6434137,2.97658473,30.38125961,18.92981915,2.921929787,96.54714902,4.050449,29.17571422,18.41862632,2.85942344,96.56989302,3.60469877,29.53964259,18.73781915,2.963935783,94.49891256,2.403934181,30.65720999,18.40272905,2.910614489,94.6823892,4.125706971,29.70305801,17.85779503,2.924090369,95.78595987,4.179163672,30.19497878,18.34689107,3.052690612
Menard,17129,Illinois,12196,-89.8022,40.0274,84.07777895,1.952171571,29.15499316,16.13022142,3.95451502,90.8423999,3.975016305,29.13873413,17.67870579,3.932027515,93.82382126,3.59770804,28.74909374,17.44285814,3.787218948,92.34443651,2.281488467,28.70318005,16.57059415,3.733518419,92.5599056,4.343800692,29.00570647,17.66340019,3.566539387,89.54387354,3.515609569,28.52059548,17.02186076,3.758193529,84.84210726,2.384415541,28.80640075,16.15913401,3.599317795,89.78240225,3.601869307,28.77188143,16.71689519,3.832187777
Mercer,17131,Illinois,15437,-90.7386,41.2053,87.78244667,2.561399527,28.16564638,15.12098174,3.899347025,91.44855868,4.413862181,28.36150696,16.72576678,3.767229656,95.34621128,3.876112707,28.02526881,16.87219969,3.627457144,92.44515569,3.558386905,27.83873545,15.94252035,3.767150399,93.71978892,3.427491686,28.58032642,16.66476697,3.582119987,88.5533136,3.379605141,27.83456574,16.06743489,3.803615019,84.43669178,2.867657797,28.16884808,15.63248836,3.571230992,91.42658554,3.051938996,28.25926506,15.903618,3.64388171
Monroe,17133,Illinois,34637,-90.1744,38.2785,85.65836763,1.669963043,30.32552057,17.64118168,3.247105516,91.14250869,4.406732133,30.34290152,19.2928057,3.27476111,94.6346718,3.419474305,29.86677001,19.01456711,3.169825825,94.44556504,3.207767308,29.5065119,18.10929253,3.016303309,92.88178468,3.264065052,29.90273066,18.7931636,3.005669782,87.60953788,2.893985007,30.29701208,18.84408958,3.083393745,83.01651002,2.434860835,30.49175519,18.42829716,3.231916666,89.17836425,4.951098952,30.2474667,18.69131522,3.285526851
Montgomery,17135,Illinois,28414,-89.4789,39.231,86.75721879,2.347829172,29.47043054,16.22067754,3.820907213,93.92416442,4.2860661,29.54122614,17.90246178,3.752178465,95.78966361,3.851159143,29.1099635,17.53218575,3.706015051,94.32283925,2.715564081,28.8911184,16.66078768,3.544614183,94.49018101,4.596784347,29.33064252,17.56875678,3.510720468,91.07622579,4.411366502,29.08619778,17.2325233,3.622889933,87.26098767,2.563240304,28.75884097,16.02517668,3.62060452,90.96263852,3.252524419,29.18386557,16.82637744,3.832261357
Morgan,17137,Illinois,33658,-90.2015,39.7156,86.69970189,1.380142982,29.36955071,15.91812426,3.902285767,92.17997672,4.120253459,29.33978038,17.57067981,3.872309077,95.66308024,3.409927781,28.85262324,17.37306943,3.769285602,95.19990956,2.751605677,28.62696607,16.41568287,3.631034895,94.99460457,4.075571785,29.15344245,17.30775945,3.534727801,91.8057361,3.875885809,28.82315653,16.7458067,3.709330189,86.27269347,2.604434562,28.98745262,15.95188462,3.634856911,91.02773045,2.989594672,29.03291177,16.68548997,3.826570141
Moultrie,17139,Illinois,14501,-88.6193,39.6415,86.1333906,1.977744774,28.95087698,16.06187407,3.794404699,93.2124436,4.209479246,29.11785068,17.87718886,3.635598377,93.15514631,3.791662927,28.95406361,17.63264606,3.654383817,91.96626657,2.62715537,28.63434705,16.84699769,3.508988484,92.333926,4.439291614,29.00702928,17.73491847,3.523151121,90.2839153,3.292741351,28.53992408,17.10982329,3.576489009,85.34327297,2.844201056,28.44667543,16.31748612,3.538654657,90.77769467,3.311477076,28.274988,16.57308626,3.710470442
Ogle,17141,Illinois,50643,-89.3206,42.0426,93.4504839,3.464883592,27.03833715,14.12383968,3.97008199,95.84585016,5.733770237,27.05805725,15.33326196,3.935053528,95.30717931,4.972823871,26.82443466,15.61287468,3.825499466,92.26175799,3.380169626,27.31333294,14.94108414,4.062292541,87.8841904,1.885987721,28.38149565,15.64339133,4.097832054,91.01195434,4.722797153,26.74646347,15.00697181,4.128041002,84.04125348,2.428250055,27.1434815,14.53417682,3.874493534,90.60787082,3.555556277,27.63149868,15.10175261,3.952491968
Peoria,17143,Illinois,179179,-89.76,40.7881,86.19462898,2.370438381,28.10659274,15.24382505,3.935771922,90.80967829,3.54279444,28.35161013,16.82113583,3.918131755,93.13392991,4.342197972,28.00375028,16.84511827,3.749908102,91.53705416,2.940808962,27.91111797,15.89678879,3.781345028,91.42654325,3.355008606,28.40984936,16.87580983,3.629685846,88.26876791,2.633969433,27.97755979,16.21442016,3.800841782,84.47121793,3.352285043,28.01305878,15.70314106,3.576583456,87.79715974,3.136844512,28.37901523,16.41789618,3.771957417
Perry,17145,Illinois,20916,-89.367,38.0838,88.90569379,2.139186929,29.78375947,17.26345036,3.009038664,93.62251564,4.932249258,29.84072955,19.03073407,2.982243538,95.8759482,2.740250704,29.91479976,18.54249572,2.984078108,95.10095982,2.969987775,29.22713263,17.8499987,2.830176078,95.14534492,4.2071956,29.5596925,18.24650722,2.866603153,91.95335707,2.673529377,29.8650706,17.83101661,2.866789034,87.48075819,3.207793397,30.06312985,17.75826414,2.999889465,91.61301436,4.061234187,30.03622557,18.18365935,3.102621121
Piatt,17147,Illinois,16344,-88.5911,40.0104,85.8380639,1.738836171,28.72644451,15.97882287,3.760186791,92.78940686,3.810883428,28.74955789,17.51992972,3.608175664,93.42933485,3.18386244,28.57150778,17.13883537,3.600648236,92.04978252,2.489122841,28.29756096,16.40961122,3.478756105,91.90732967,3.847892964,28.79916964,17.52588577,3.478162599,89.7169169,2.580338839,28.4407801,16.75119357,3.563754559,85.37521684,3.120877364,28.36174246,16.07506029,3.460590538,89.15676593,3.30245947,28.29424975,16.83074731,3.614678881
Pike,17149,Illinois,15561,-90.8826,39.6233,85.83898947,2.194510674,29.33752906,16.47573094,3.769445368,87.27510397,3.115743971,29.77053363,18.29571152,3.820593665,94.87664546,3.772171704,28.66837884,18.0554585,3.618390232,94.56881405,3.371729435,28.29931766,17.05742941,3.478225529,94.45594788,4.341141545,29.12384418,17.67771294,3.40534557,88.56297565,2.989132158,28.86641157,17.4075175,3.586998593,83.03927196,2.248743262,29.0904659,16.63074751,3.551251114,89.85093095,3.000360771,28.98252666,17.14683986,3.672168185
Pope,17151,Illinois,4177,-88.5616,37.4128,93.21733081,2.377543587,29.57694874,17.45732971,2.978456365,95.81194802,4.811091294,29.86409742,19.18562824,3.03934289,98.1393933,2.911125441,30.02562914,18.278178,2.978637472,96.52307604,4.126585432,28.83545214,18.01846493,2.881988687,96.55992107,3.61205134,29.17814578,18.31917138,2.994783041,93.68204878,2.825873932,30.25764611,18.16057752,2.94208909,93.03760148,4.131965449,29.73409336,17.7911399,2.978374537,93.65434479,4.76544905,30.04928704,18.39784273,3.071795879
Pulaski,17153,Illinois,5335,-89.1266,37.2229,92.29430207,1.86090425,29.70870911,18.2195882,2.959007476,95.47135112,3.84985605,30.33812179,19.81725675,3.061001406,96.52209564,3.96860988,30.38338152,19.55039133,2.958919694,95.84563972,3.849074235,29.43703752,18.74350373,2.90798698,95.973219,2.653980971,29.84180714,19.0476136,3.012079742,92.14803853,2.429809738,30.67451627,19.13140461,2.953964061,92.92628804,4.540732084,29.81716821,18.36570465,2.96544743,94.51204439,3.658455512,30.10469892,18.80429083,3.099912422
Putnam,17155,Illinois,5739,-89.2858,41.2044,87.7195656,2.578654137,27.76821695,15.04479373,3.740326897,90.31468386,4.295241315,28.09857247,16.7019569,3.654900938,92.50004747,4.301706003,27.62420146,16.66862126,3.548113446,90.0900302,3.284752777,27.93997995,15.8798544,3.567213564,88.17041786,3.064478763,28.55522145,16.8435856,3.576158402,88.28896524,3.467016232,27.53099912,15.81258965,3.657991709,85.00371452,3.011237805,27.80889132,15.14809219,3.484625556,88.2015908,2.814473816,28.08502681,15.74029393,3.593049561
Randolph,17157,Illinois,31782,-89.8237,38.0546,88.28286697,1.812025694,30.16647777,17.27237389,3.067820626,91.86615388,4.760780002,29.79643831,19.1081774,3.0539485,95.24637193,2.794903941,29.94759572,18.64027277,3.038186528,94.53541021,3.017227919,29.14866083,17.81024301,2.890891274,93.25332541,4.093302546,29.67304326,18.4501363,2.91665772,90.0170351,2.638978286,30.22711463,18.12992207,2.925481665,87.34602221,2.891019687,30.02342454,17.56311819,3.057572926,89.85390778,3.816850471,30.03669771,18.25556723,3.175721605
Richland,17159,Illinois,15513,-88.0851,38.7123,89.24726747,2.161418188,29.51215753,16.49068655,3.565182598,94.23352208,5.51506171,29.79377151,18.56042905,3.382801112,96.59156933,4.011137056,29.71068829,17.78857653,3.435405675,95.61577125,3.391093582,29.08324926,17.04892701,3.249845944,95.70525639,4.797345161,29.41326482,17.79337525,3.357526891,93.53214983,4.973278136,29.52724897,17.55208778,3.282169141,88.44357048,3.038244925,29.44240586,16.76220043,3.376530054,90.5636404,3.600533964,29.5773398,17.52703697,3.514938512
Rock Island,17161,Illinois,141879,-90.5632,41.4656,88.15255089,3.069153108,27.90917957,15.16374668,3.755058113,91.03189783,4.533326476,28.08036833,16.72157322,3.653528487,94.19038635,3.738715629,27.9222746,16.87943076,3.528612531,90.73943328,3.696572718,27.80324311,16.00890589,3.666956337,90.64856827,2.759955779,28.55540787,16.85512557,3.526515303,87.01763766,3.442242167,27.66465999,16.26770794,3.692999306,81.67139431,2.65150422,28.13737697,15.86861501,3.507312908,90.31892098,3.387234114,28.28834699,15.98575023,3.550954905
St. Clair,17163,Illinois,259686,-89.9275,38.4699,85.8947409,1.785990302,30.33244708,17.66056241,3.158624182,91.8545032,4.780218505,30.3800652,19.29561244,3.128871405,94.85535787,3.818543762,29.91320851,19.00026295,3.100889329,94.89142726,3.960072554,29.49184197,17.95105561,2.931508975,92.81252807,3.863194159,29.90463594,18.92645098,2.946824732,87.28426069,3.777527251,30.21123798,19.00183409,2.992309105,82.25987029,2.938244731,30.12224468,18.45313307,3.137394244,89.74559635,4.844529093,30.18406902,18.57996778,3.207640167
Saline,17165,Illinois,23491,-88.5408,37.7532,91.49270727,2.222310207,29.79123612,17.41956696,3.023812216,94.63694188,3.757853498,30.29727072,19.17298093,2.972439941,97.58273299,2.921619431,30.35440496,18.29917247,2.958426462,95.87690804,3.856320288,29.23936738,17.93390956,2.833901385,95.96178129,3.903986051,29.79272467,18.35939691,2.965638679,92.60094375,3.394096878,30.60752999,18.18919117,2.882436293,90.97087512,2.745258143,30.39397273,17.8032984,2.988193295,92.56128217,4.131217729,30.43843588,18.1927305,3.063391134
Sangamon,17167,Illinois,194672,-89.6589,39.7582,84.18182578,1.656788729,29.37038857,16.32929616,3.892987206,92.03439755,4.45413397,29.35107544,17.91889911,3.81494811,94.00122661,4.162237255,28.90915611,17.57747952,3.747579412,92.79330508,2.402726779,28.78696915,16.67526848,3.646269527,93.07156895,4.502454682,29.08831224,17.66652762,3.532303227,90.3329723,4.37463887,28.59432823,17.17057426,3.675131115,85.14306457,2.95704832,28.82184698,16.30976026,3.581468947,88.95233613,3.208388043,28.91509836,17.0973231,3.818352728
Schuyler,17169,Illinois,6768,-90.6151,40.158,86.49736909,2.241679983,28.86214939,15.9174001,4.009405836,90.5579522,5.073540878,29.05681582,17.42010189,3.992100219,95.32472729,4.153634529,28.40372073,17.59869972,3.755084099,94.30976708,2.796153082,28.10136644,16.52008308,3.750847766,94.18499427,3.806690492,28.71549733,17.31668843,3.590844255,89.99120468,3.311338582,28.345501,16.65340998,3.803447014,84.5200953,2.297917631,28.62007176,16.00065687,3.645983346,89.57393104,2.999234026,28.73461542,16.77676569,3.822220565
Scott,17171,Illinois,4951,-90.4747,39.6441,86.00177139,1.564243375,29.38237079,16.20924349,3.880629114,90.08175696,3.60355083,29.62339899,17.93603006,3.858925026,95.19259308,3.285476213,28.81758464,17.71373487,3.75120622,94.90702733,3.223222929,28.56763413,16.73437842,3.594073422,94.57482716,3.880093152,29.22818963,17.55249769,3.512450482,89.93576141,3.018958321,29.00384011,17.15398096,3.683596092,84.43641834,2.078998374,29.05806926,16.35927667,3.634353278,90.58981975,3.167550273,29.09392203,16.95815829,3.813234077
Shelby,17173,Illinois,21634,-88.8055,39.3912,86.95597049,1.943523593,29.37377589,16.1332821,3.822633966,94.90556724,5.044598237,29.29803423,17.80296959,3.665897789,95.11737309,4.062059913,28.979022,17.54954607,3.706173036,94.22440231,3.301512874,28.56414033,16.64444337,3.532146127,94.7610508,4.661815579,29.04755395,17.40005032,3.557950392,91.85464236,4.298686604,28.64034646,17.07084894,3.596462031,86.85543969,2.560462349,28.60760551,16.18217315,3.593158809,91.954647,3.475859318,28.4667477,16.55292887,3.795600395
Stark,17175,Illinois,5342,-89.7975,41.0934,88.23071178,2.548422742,27.71964556,14.71638005,3.855812106,92.27530089,3.89778117,28.03391717,16.30896707,3.803249896,93.78472782,4.791046387,27.69880847,16.4529126,3.669907652,92.24083913,3.179946636,27.71132742,15.49845177,3.74930369,92.4118256,3.724544602,28.27781708,16.38429859,3.595941638,90.1453243,3.323983676,27.26175906,15.61050038,3.754935607,86.35416033,3.540680224,27.54670381,15.04358678,3.561535957,89.10058724,3.718111973,27.99620863,15.87179991,3.704943056
Stephenson,17177,Illinois,44498,-89.6623,42.3517,94.62153865,4.074588717,26.35619748,13.81169394,3.907062265,96.30955544,6.330770686,26.55054773,15.03501205,3.871343201,96.17826779,5.641381779,26.22967294,15.17971629,3.767788799,93.87616136,3.917832267,26.58092829,14.60976806,4.034976968,88.62731414,1.956193109,27.79803268,15.14610242,4.067867339,91.8602713,5.027674823,26.19589264,14.69215298,4.126836511,84.28492713,2.766864358,26.99117541,14.24103602,3.854657186,92.91757734,3.600631862,27.07051039,14.74512698,3.865015233
Tazewell,17179,Illinois,131803,-89.5134,40.5075,85.35883456,2.391461906,28.74621286,15.65196743,3.949357863,90.6071754,3.528295826,28.91638282,17.17859418,3.934614286,93.459862,3.595990536,28.47101651,17.03298707,3.775459054,91.54527744,3.027634307,28.42608211,16.19823734,3.749444996,91.49665418,3.602322341,28.95716058,17.2396681,3.656450039,89.36384901,2.370634026,28.53431207,16.2840215,3.807739961,85.94144591,3.181188517,28.57564275,15.59802967,3.568393638,89.96032246,3.405764748,28.89560309,16.17655685,3.801000234
Union,17181,Illinois,16653,-89.2529,37.4715,91.63726847,2.198804238,29.81902897,17.73447078,2.877764068,94.37548341,4.005038369,30.26243179,19.47381217,2.955902964,96.83110291,3.546281188,30.30113119,18.91868646,2.891795789,95.72713011,4.451538058,29.44301256,18.273926,2.815581541,95.10425631,2.943634556,29.78227636,18.6687309,2.912490385,92.79266214,2.635593268,30.27663819,18.31938299,2.832679702,92.5362887,3.480182445,29.63972118,17.80972117,2.885812138,93.71664647,3.910110278,29.73875713,18.30222416,3.027004827
Vermilion,17183,Illinois,75758,-87.7328,40.1834,90.30036763,2.524362441,28.18155849,15.41712185,3.682211592,95.04293436,4.382649364,28.35332097,17.01132838,3.575030006,94.40850447,2.679849585,28.4567969,16.59949796,3.625716396,93.35085658,3.013580613,28.23176245,15.70410802,3.468129268,94.15742669,4.265294113,28.63588525,16.82096821,3.605687906,92.03258927,2.931308561,28.33206465,15.82099587,3.626146667,87.54480573,2.513167586,28.2033902,15.26160184,3.433240746,91.27006354,3.467179069,28.49083327,15.87656799,3.597271713
Wabash,17185,Illinois,11520,-87.8443,38.4461,90.7789218,2.341870523,29.71443359,16.8485196,3.253086308,94.9393028,5.270692028,30.25363815,18.85782477,3.053654097,97.44827215,4.0152933,30.00492602,18.09355937,3.115545486,96.32018307,2.89837853,29.26967899,17.36412027,2.951087612,96.02829431,4.96765536,29.62906178,18.15011745,3.119833196,93.84562253,4.489317809,29.89051181,18.03072992,2.972034811,89.95420204,3.344341171,29.75556279,17.15615419,3.08971723,90.92806893,3.495487265,30.11535928,17.89498446,3.208527244
Warren,17187,Illinois,16844,-90.615,40.8488,87.37401581,2.342902475,28.08289892,15.09153431,4.003167784,91.52646577,3.848232509,28.33725219,16.66874026,3.950107653,95.45965061,3.7979445,27.92313478,16.88437728,3.761834278,93.99016547,3.185704491,27.66191474,15.75683583,3.852792541,94.77515004,3.747713689,28.21984069,16.50213634,3.645599469,89.53924147,2.867105365,27.63963659,15.96468963,3.86417586,85.67276177,3.199674806,28.00895345,15.50027688,3.626040888,90.56734346,3.389811881,28.06049647,15.98835042,3.79599129
Washington,17189,Illinois,13887,-89.4105,38.3522,87.42123098,1.968812062,29.75914497,17.230283,3.390652443,92.73268764,5.63273789,29.73027449,19.12946506,3.327854242,95.12605787,2.799099513,29.64930442,18.6687102,3.339500023,94.76681553,3.066974711,29.14503404,17.85129826,3.167133497,94.4773682,3.934159129,29.44735984,18.41641088,3.200979328,90.20157329,3.491246845,29.60248553,18.16735546,3.207382764,85.84861555,2.947126233,29.82541381,17.68703676,3.328558217,91.6225154,4.930877004,29.83930473,18.14790584,3.416524131
Wayne,17191,Illinois,16215,-88.4256,38.4296,88.294222,1.978849693,30.13116953,16.90927657,3.59709975,93.49439955,5.542782011,30.23745203,18.85508377,3.440527802,96.34829268,3.988777625,29.98050131,18.30874007,3.466585302,95.37236896,3.336916195,29.26049527,17.54241998,3.308065732,95.8864169,4.912672414,29.56116506,18.06118766,3.383573263,92.88359815,4.01102169,29.52033581,17.78592461,3.328279819,89.14126057,3.653751131,29.71048493,17.09796805,3.434734399,91.66089501,3.834207371,29.85481099,17.81767594,3.548867705
White,17193,Illinois,13537,-88.1796,38.0875,91.84686762,2.484011248,29.6136494,17.12821452,3.262666387,95.81738949,3.920590003,30.27718609,18.90675928,3.115950288,97.81144766,3.799900549,30.15421996,18.23898417,3.140683267,96.89820921,3.996470822,29.18686085,17.61175545,3.010181203,97.30130905,4.433398731,29.56560264,18.0621839,3.104346986,93.79391118,3.952731769,30.08062644,18.09911461,3.030220297,92.24131924,2.532102733,29.78723603,17.23621795,3.135974217,92.31710545,4.006030912,30.38826251,18.1782739,3.238352643
Whiteside,17195,Illinois,55175,-89.9123,41.7553,90.37150007,3.071367227,27.47881216,14.89120216,3.578727355,92.85178145,5.038715771,27.62755643,16.18220345,3.535643569,94.02151364,4.486207059,27.33538711,16.44377638,3.413367974,90.50009831,3.316305061,27.6670465,15.67190527,3.551379002,89.3417787,1.943189825,28.49058424,16.3158605,3.487440535,89.17026172,3.935785525,27.16087834,15.79583531,3.601012459,82.82983214,2.374838412,27.77222387,15.29525466,3.415740142,89.60207623,3.247247621,27.90480563,15.77227883,3.454725507
Will,17197,Illinois,690743,-87.9787,41.445,91.88613126,2.779096262,27.5841715,14.8514293,3.660678083,93.49493137,3.687956713,28.11082001,16.19987781,3.6755305,94.45188947,5.022717523,27.51225209,16.13209867,3.565167556,91.1888735,2.851173633,27.86267734,15.79492614,3.594211064,89.83291363,3.347044652,28.30704336,16.5660566,3.735421932,89.64853555,2.768557614,27.54365573,15.6347136,3.74580119,87.01906686,3.472278779,27.12407289,14.94231227,3.475864573,90.32714615,3.290598665,28.39317943,15.66438962,3.600910625
Williamson,17199,Illinois,66597,-88.9299,37.7303,90.82795405,2.335024554,29.80294952,17.61184546,2.927229161,94.43734223,4.231875518,30.06609322,19.26213392,2.905786604,97.03684422,3.253749382,30.11080254,18.57525177,2.88800922,95.76648396,3.418332385,29.22402498,18.09814005,2.788521783,95.62908077,3.861051232,29.66870001,18.46217089,2.862693744,92.86359338,3.322470805,30.1580865,18.15440348,2.804807245,91.05369006,4.186028739,30.15261576,17.83542681,2.890199746,92.38655297,3.691178983,30.17887702,18.31754838,2.992142172
Winnebago,17201,Illinois,282572,-89.1608,42.3363,93.71725648,3.636186251,26.61738126,14.11800621,3.928297117,96.14216193,6.34209937,26.55460094,15.08723483,3.875833415,95.04750157,5.056463573,26.70005135,15.55822613,3.798682127,91.42739207,3.742552941,27.23780177,15.11982954,4.05488565,85.88165967,2.119001625,28.31534205,15.66841921,4.103926226,90.66536516,4.889521744,26.65260428,14.9372424,4.139304968,82.81690407,2.648312003,27.05670046,14.64574585,3.844945771,91.90621908,3.870280545,27.43685961,14.90689569,3.896779581
Woodford,17203,Illinois,38459,-89.2112,40.7882,87.44277122,2.051112885,28.57189106,15.10877868,3.929354221,91.43036677,3.272349064,28.80393112,16.67833279,3.883061463,93.78962742,4.401576306,28.26347098,16.58944162,3.765909064,91.37977764,3.855801789,28.34677434,15.93323453,3.734553915,91.17539496,2.661296323,28.87411811,16.79619498,3.673030125,90.12918177,2.60245516,28.32319973,15.72805962,3.809564147,87.64557322,3.798921701,28.18021834,15.05194495,3.569936018,90.23327007,2.723549583,28.61214303,15.58370573,3.758493978
