,Location,Cases_2017,Cases_2018,Cases_2019,Cases_2020,Cases_2021,Cases_2022,Cases_2023,Cases_2024
0,1001,6.0,0.0,0.0,1.0,1.0,0.0,1.0,2.0
1,1003,3.0,2.0,1.0,0.0,2.0,1.0,0.0,2.0
2,1007,1.0,0.0,0.0,0.0,1.0,0.0,0.0,0.0
3,1011,1.0,0.0,0.0,0.0,0.0,0.0,0.0,0.0
4,1015,2.0,0.0,0.0,0.0,0.0,0.0,2.0,0.0
5,1021,3.0,0.0,0.0,0.0,0.0,0.0,0.0,1.0
6,1029,1.0,0.0,0.0,0.0,0.0,0.0,0.0,0.0
7,1033,2.0,0.0,0.0,0.0,0.0,0.0,0.0,0.0
8,1039,1.0,0.0,0.0,0.0,0.0,0.0,0.0,0.0
9,1043,1.0,0.0,0.0,0.0,1.0,0.0,0.0,2.0
10,1047,2.0,0.0,0.0,1.0,0.0,0.0,0.0,1.0
11,1051,3.0,0.0,0.0,1.0,0.0,1.0,1.0,0.0
12,1055,2.0,0.0,0.0,0.0,0.0,0.0,1.0,0.0
13,1057,0.0,1.0,0.0,0.0,0.0,0.0,0.0,0.0
14,1059,1.0,0.0,0.0,0.0,0.0,0.0,0.0,0.0
15,1067,1.0,0.0,0.0,0.0,0.0,0.0,0.0,0.0
16,1069,0.0,0.0,0.0,0.0,0.0,0.0,1.0,0.0
17,1071,0.0,0.0,0.0,0.0,0.0,0.0,0.0,1.0
18,1073,6.0,6.0,0.0,1.0,1.0,0.0,6.0,6.0
19,1083,0.0,0.0,0.0,0.0,1.0,0.0,0.0,1.0
20,1089,2.0,0.0,0.0,0.0,1.0,1.0,1.0,4.0
21,1097,0.0,14.0,3.0,3.0,3.0,2.0,4.0,6.0
22,1099,1.0,0.0,0.0,0.0,0.0,0.0,0.0,0.0
23,1101,12.0,1.0,0.0,0.0,1.0,1.0,4.0,4.0
24,1103,1.0,0.0,0.0,1.0,0.0,0.0,1.0,1.0
25,1107,0.0,0.0,1.0,0.0,0.0,0.0,0.0,0.0
26,1117,4.0,1.0,0.0,0.0,0.0,0.0,2.0,2.0
27,1119,1.0,0.0,0.0,0.0,0.0,0.0,0.0,0.0
28,1121,0.0,1.0,0.0,0.0,0.0,0.0,2.0,0.0
29,1123,0.0,0.0,0.0,0.0,0.0,0.0,1.0,0.0
30,1125,3.0,2.0,0.0,1.0,0.0,0.0,1.0,0.0
31,1127,0.0,0.0,0.0,0.0,0.0,0.0,0.0,1.0
32,2020,0.0,0.0,0.0,0.0,1.0,0.0,0.0,0.0
33,2999,0.0,1.0,1.0,0.0,0.0,0.0,0.0,0.0
34,4001,0.0,0.0,1.0,0.0,1.0,0.0,1.0,0.0
35,4003,0.0,0.0,0.0,2.0,1.0,0.0,0.0,1.0
36,4007,0.0,0.0,1.0,0.0,5.0,0.0,0.0,3.0
37,4009,1.0,0.0,0.0,0.0,0.0,3.0,1.0,0.0
38,4012,0.0,0.0,0.0,1.0,0.0,1.0,0.0,0.0
39,4013,93.0,24.0,155.0,4.0,1476.0,35.0,72.0,21.0
40,4015,1.0,0.0,0.0,0.0,2.0,0.0,1.0,0.0
41,4017,1.0,0.0,4.0,0.0,1.0,0.0,1.0,0.0
42,4019,5.0,0.0,10.0,2.0,103.0,11.0,1.0,4.0
43,4021,10.0,2.0,3.0,1.0,121.0,2.0,0.0,4.0
44,4023,0.0,0.0,0.0,0.0,1.0,0.0,0.0,0.0
45,4025,0.0,0.0,0.0,1.0,3.0,1.0,2.0,0.0
46,4027,0.0,0.0,0.0,1.0,1.0,0.0,3.0,0.0
47,5007,0.0,1.0,0.0,0.0,1.0,0.0,0.0,0.0
48,5011,0.0,0.0,0.0,0.0,1.0,0.0,0.0,0.0
49,5017,0.0,0.0,0.0,0.0,0.0,0.0,0.0,1.0
50,5019,0.0,0.0,1.0,0.0,0.0,0.0,0.0,0.0
51,5027,1.0,0.0,0.0,0.0,0.0,0.0,0.0,0.0
52,5029,0.0,0.0,0.0,0.0,0.0,1.0,0.0,0.0
53,5031,0.0,0.0,1.0,0.0,0.0,0.0,0.0,0.0
54,5033,1.0,0.0,0.0,0.0,1.0,0.0,0.0,1.0
55,5035,0.0,0.0,0.0,0.0,0.0,1.0,0.0,0.0
56,5039,0.0,0.0,0.0,0.0,0.0,1.0,1.0,0.0
57,5041,1.0,0.0,0.0,0.0,0.0,0.0,0.0,0.0
58,5043,0.0,0.0,0.0,0.0,0.0,0.0,1.0,1.0
59,5045,0.0,0.0,0.0,0.0,0.0,0.0,0.0,1.0
60,5051,0.0,0.0,0.0,0.0,0.0,0.0,2.0,0.0
61,5055,0.0,0.0,0.0,0.0,0.0,0.0,1.0,0.0
62,5069,1.0,2.0,1.0,0.0,0.0,0.0,2.0,0.0
63,5071,0.0,0.0,0.0,0.0,0.0,0.0,0.0,1.0
64,5079,1.0,0.0,1.0,0.0,0.0,0.0,0.0,0.0
65,5085,1.0,0.0,0.0,0.0,0.0,0.0,0.0,0.0
66,5089,1.0,0.0,0.0,0.0,0.0,0.0,0.0,0.0
67,5091,0.0,1.0,0.0,0.0,0.0,0.0,0.0,0.0
68,5103,1.0,0.0,0.0,0.0,0.0,0.0,0.0,0.0
69,5105,0.0,0.0,0.0,0.0,0.0,0.0,0.0,1.0
70,5115,0.0,0.0,0.0,0.0,1.0,0.0,0.0,0.0
71,5119,3.0,0.0,2.0,0.0,0.0,1.0,3.0,5.0
72,5125,2.0,0.0,1.0,1.0,0.0,0.0,0.0,1.0
73,5131,1.0,2.0,0.0,0.0,2.0,0.0,0.0,1.0
74,5135,1.0,0.0,0.0,0.0,0.0,0.0,0.0,0.0
75,5139,1.0,1.0,1.0,0.0,2.0,0.0,1.0,0.0
76,5143,0.0,1.0,1.0,0.0,0.0,1.0,0.0,0.0
77,5145,2.0,0.0,0.0,0.0,0.0,0.0,0.0,0.0
78,6001,1.0,0.0,1.0,0.0,0.0,1.0,1.0,0.0
79,6005,0.0,1.0,1.0,0.0,0.0,0.0,0.0,0.0
80,6007,4.0,12.0,5.0,4.0,13.0,3.0,18.0,11.0
81,6009,0.0,0.0,0.0,0.0,0.0,0.0,1.0,1.0
82,6011,0.0,0.0,1.0,0.0,0.0,1.0,1.0,1.0
83,6013,4.0,4.0,1.0,4.0,2.0,1.0,10.0,4.0
84,6017,0.0,0.0,0.0,1.0,1.0,0.0,3.0,0.0
85,6019,13.0,14.0,51.0,10.0,14.0,30.0,23.0,17.0
86,6021,0.0,2.0,0.0,1.0,2.0,1.0,4.0,1.0
87,6023,0.0,1.0,0.0,0.0,0.0,0.0,0.0,0.0
88,6025,3.0,0.0,3.0,1.0,0.0,0.0,0.0,0.0
89,6027,4.0,0.0,0.0,0.0,0.0,0.0,0.0,0.0
90,6029,30.0,13.0,28.0,8.0,8.0,22.0,16.0,12.0
91,6031,5.0,0.0,3.0,2.0,8.0,7.0,9.0,6.0
92,6033,0.0,1.0,0.0,2.0,0.0,0.0,6.0,0.0
93,6037,277.0,43.0,31.0,90.0,16.0,61.0,62.0,24.0
94,6039,2.0,4.0,3.0,6.0,3.0,3.0,9.0,0.0
95,6047,10.0,2.0,10.0,12.0,6.0,7.0,8.0,3.0
96,6053,0.0,1.0,0.0,0.0,0.0,0.0,2.0,0.0
97,6055,0.0,1.0,0.0,0.0,0.0,0.0,0.0,0.0
98,6057,0.0,1.0,0.0,0.0,0.0,0.0,1.0,0.0
99,6059,33.0,9.0,5.0,17.0,3.0,9.0,6.0,1.0
100,6061,0.0,9.0,1.0,2.0,2.0,2.0,6.0,0.0
101,6065,32.0,15.0,12.0,10.0,3.0,0.0,20.0,6.0
102,6067,6.0,15.0,4.0,7.0,6.0,5.0,53.0,7.0
103,6071,57.0,9.0,7.0,3.0,1.0,4.0,28.0,5.0
104,6073,2.0,2.0,3.0,1.0,3.0,3.0,0.0,2.0
105,6075,1.0,0.0,0.0,0.0,1.0,0.0,0.0,0.0
106,6077,14.0,14.0,7.0,2.0,8.0,4.0,15.0,2.0
107,6079,0.0,0.0,2.0,0.0,2.0,0.0,2.0,0.0
108,6081,0.0,0.0,0.0,0.0,1.0,1.0,3.0,0.0
109,6083,0.0,0.0,0.0,0.0,2.0,0.0,0.0,0.0
110,6085,0.0,1.0,1.0,0.0,3.0,1.0,3.0,4.0
111,6087,0.0,0.0,0.0,0.0,1.0,0.0,0.0,0.0
112,6089,1.0,1.0,0.0,2.0,3.0,1.0,6.0,1.0
113,6095,1.0,0.0,1.0,1.0,2.0,2.0,6.0,0.0
114,6097,0.0,0.0,0.0,0.0,0.0,0.0,1.0,0.0
115,6099,28.0,15.0,16.0,35.0,5.0,15.0,33.0,5.0
116,6101,3.0,1.0,1.0,1.0,0.0,1.0,7.0,1.0
117,6103,2.0,2.0,0.0,2.0,0.0,3.0,0.0,1.0
118,6107,12.0,8.0,24.0,7.0,8.0,15.0,25.0,4.0
119,6109,0.0,1.0,0.0,0.0,0.0,0.0,0.0,0.0
120,6111,1.0,2.0,2.0,0.0,0.0,0.0,1.0,0.0
121,6113,6.0,11.0,1.0,4.0,3.0,3.0,39.0,9.0
122,6115,1.0,2.0,0.0,0.0,0.0,1.0,5.0,4.0
123,8001,4.0,3.0,9.0,0.0,18.0,23.0,45.0,5.0
124,8003,0.0,0.0,0.0,0.0,0.0,0.0,2.0,0.0
125,8005,5.0,6.0,3.0,0.0,5.0,4.0,56.0,8.0
126,8007,1.0,0.0,1.0,0.0,0.0,0.0,2.0,0.0
127,8009,1.0,0.0,0.0,0.0,0.0,0.0,2.0,0.0
128,8013,9.0,11.0,12.0,3.0,19.0,38.0,29.0,9.0
129,8014,0.0,1.0,1.0,1.0,1.0,6.0,5.0,5.0
130,8015,1.0,0.0,0.0,0.0,0.0,0.0,10.0,0.0
131,8019,0.0,1.0,0.0,0.0,1.0,0.0,0.0,0.0
132,8025,1.0,0.0,0.0,0.0,0.0,0.0,1.0,0.0
133,8027,0.0,0.0,0.0,0.0,0.0,0.0,1.0,0.0
134,8029,1.0,8.0,33.0,15.0,18.0,18.0,7.0,4.0
135,8031,1.0,5.0,2.0,7.0,19.0,7.0,97.0,6.0
136,8035,0.0,0.0,0.0,0.0,4.0,3.0,32.0,2.0
137,8037,0.0,0.0,0.0,0.0,0.0,1.0,0.0,0.0
138,8039,0.0,0.0,1.0,0.0,0.0,2.0,3.0,0.0
139,8041,0.0,2.0,0.0,0.0,2.0,0.0,51.0,7.0
140,8043,1.0,0.0,0.0,0.0,1.0,1.0,15.0,2.0
141,8045,0.0,1.0,0.0,0.0,0.0,1.0,0.0,0.0
142,8049,0.0,0.0,0.0,0.0,1.0,1.0,1.0,0.0
143,8051,0.0,0.0,0.0,0.0,0.0,0.0,1.0,0.0
144,8055,0.0,0.0,0.0,0.0,0.0,0.0,1.0,0.0
145,8059,5.0,5.0,8.0,2.0,12.0,6.0,65.0,3.0
146,8061,0.0,0.0,0.0,0.0,1.0,0.0,1.0,0.0
147,8063,0.0,0.0,0.0,0.0,1.0,0.0,3.0,1.0
148,8067,2.0,0.0,6.0,2.0,0.0,1.0,11.0,1.0
149,8069,14.0,17.0,7.0,3.0,27.0,15.0,52.0,5.0
150,8071,0.0,0.0,0.0,0.0,0.0,0.0,2.0,0.0
151,8073,0.0,0.0,0.0,0.0,0.0,0.0,2.0,0.0
152,8075,1.0,4.0,2.0,0.0,0.0,0.0,6.0,0.0
153,8077,0.0,2.0,6.0,0.0,0.0,4.0,15.0,1.0
154,8083,0.0,0.0,4.0,0.0,1.0,0.0,5.0,0.0
155,8085,1.0,8.0,9.0,1.0,12.0,38.0,2.0,1.0
156,8087,2.0,3.0,1.0,1.0,0.0,0.0,11.0,1.0
157,8089,0.0,2.0,1.0,0.0,0.0,0.0,2.0,0.0
158,8095,1.0,0.0,0.0,0.0,1.0,0.0,1.0,0.0
159,8097,0.0,0.0,1.0,0.0,0.0,0.0,0.0,0.0
160,8099,0.0,0.0,0.0,0.0,0.0,1.0,8.0,0.0
161,8101,2.0,0.0,3.0,0.0,2.0,0.0,25.0,0.0
162,8103,0.0,0.0,1.0,0.0,0.0,1.0,0.0,0.0
163,8109,0.0,0.0,0.0,0.0,0.0,0.0,1.0,0.0
164,8113,0.0,1.0,1.0,0.0,0.0,0.0,0.0,0.0
165,8115,0.0,0.0,0.0,0.0,0.0,0.0,0.0,1.0
166,8117,0.0,0.0,0.0,0.0,0.0,0.0,1.0,0.0
167,8119,0.0,0.0,1.0,0.0,0.0,0.0,4.0,0.0
168,8121,1.0,1.0,0.0,0.0,0.0,0.0,3.0,0.0
169,8123,14.0,15.0,9.0,0.0,26.0,35.0,53.0,15.0
170,8125,0.0,0.0,0.0,0.0,3.0,0.0,0.0,0.0
171,9001,2.0,11.0,1.0,5.0,3.0,0.0,0.0,0.0
172,9003,0.0,5.0,0.0,1.0,2.0,0.0,0.0,0.0
173,9007,0.0,3.0,0.0,0.0,0.0,0.0,0.0,0.0
174,9009,1.0,3.0,0.0,2.0,2.0,0.0,0.0,0.0
175,9015,0.0,1.0,0.0,0.0,0.0,0.0,0.0,0.0
176,9110,0.0,0.0,0.0,0.0,0.0,0.0,3.0,2.0
177,9120,0.0,0.0,0.0,0.0,0.0,0.0,0.0,1.0
178,9130,0.0,0.0,0.0,0.0,0.0,0.0,0.0,1.0
179,9170,0.0,0.0,0.0,0.0,0.0,0.0,1.0,3.0
180,9180,0.0,0.0,0.0,0.0,0.0,0.0,0.0,1.0
181,9190,0.0,0.0,0.0,0.0,0.0,0.0,3.0,4.0
182,10001,1.0,1.0,0.0,0.0,2.0,0.0,0.0,0.0
183,10003,0.0,7.0,0.0,0.0,0.0,0.0,4.0,1.0
184,10005,0.0,2.0,0.0,0.0,1.0,1.0,0.0,1.0
185,11001,4.0,13.0,11.0,0.0,6.0,1.0,1.0,4.0
186,12005,0.0,4.0,0.0,1.0,0.0,0.0,0.0,2.0
187,12009,0.0,0.0,0.0,0.0,0.0,0.0,1.0,1.0
188,12011,0.0,0.0,0.0,6.0,0.0,0.0,0.0,0.0
189,12015,0.0,1.0,0.0,1.0,0.0,0.0,0.0,1.0
190,12019,0.0,2.0,0.0,0.0,0.0,0.0,0.0,0.0
191,12021,0.0,0.0,0.0,7.0,4.0,0.0,0.0,0.0
192,12031,0.0,13.0,1.0,0.0,0.0,0.0,1.0,3.0
193,12033,1.0,1.0,0.0,0.0,0.0,1.0,6.0,0.0
194,12039,0.0,1.0,0.0,0.0,0.0,0.0,0.0,0.0
195,12043,0.0,0.0,0.0,0.0,0.0,0.0,0.0,1.0
196,12047,0.0,0.0,0.0,0.0,0.0,0.0,0.0,1.0
197,12055,0.0,0.0,0.0,0.0,0.0,0.0,0.0,1.0
198,12057,0.0,0.0,0.0,0.0,0.0,1.0,0.0,1.0
199,12067,1.0,0.0,0.0,0.0,0.0,0.0,0.0,0.0
200,12069,0.0,0.0,0.0,0.0,0.0,0.0,0.0,1.0
201,12071,0.0,0.0,0.0,1.0,0.0,0.0,0.0,0.0
202,12073,0.0,3.0,0.0,0.0,0.0,0.0,0.0,0.0
203,12075,0.0,0.0,0.0,0.0,0.0,0.0,0.0,1.0
204,12081,0.0,1.0,0.0,0.0,0.0,0.0,0.0,0.0
205,12083,0.0,0.0,0.0,0.0,0.0,0.0,0.0,2.0
206,12085,0.0,0.0,0.0,1.0,0.0,0.0,0.0,1.0
207,12086,0.0,0.0,0.0,28.0,1.0,0.0,0.0,1.0
208,12089,0.0,4.0,0.0,0.0,0.0,0.0,0.0,0.0
209,12091,0.0,0.0,0.0,0.0,0.0,0.0,1.0,0.0
210,12093,0.0,0.0,0.0,0.0,0.0,0.0,0.0,1.0
211,12099,0.0,0.0,0.0,5.0,0.0,0.0,0.0,0.0
212,12101,0.0,0.0,0.0,0.0,0.0,0.0,0.0,1.0
213,12103,0.0,0.0,0.0,0.0,0.0,0.0,0.0,1.0
214,12107,0.0,1.0,0.0,0.0,0.0,0.0,0.0,0.0
215,12109,0.0,0.0,0.0,0.0,0.0,1.0,1.0,0.0
216,12113,1.0,0.0,0.0,0.0,0.0,1.0,0.0,1.0
217,12115,0.0,0.0,0.0,0.0,0.0,1.0,1.0,0.0
218,12117,0.0,0.0,0.0,0.0,0.0,0.0,0.0,1.0
219,12119,0.0,1.0,1.0,0.0,0.0,0.0,0.0,0.0
220,12121,0.0,1.0,0.0,1.0,0.0,0.0,0.0,0.0
221,12123,1.0,1.0,0.0,0.0,0.0,0.0,0.0,0.0
222,12127,1.0,0.0,0.0,0.0,0.0,2.0,0.0,0.0
223,12129,0.0,0.0,0.0,0.0,0.0,0.0,1.0,0.0
224,12131,0.0,0.0,0.0,0.0,0.0,0.0,0.0,1.0
225,12133,0.0,1.0,0.0,0.0,0.0,0.0,0.0,0.0
226,13001,0.0,0.0,0.0,0.0,0.0,0.0,0.0,1.0
227,13005,0.0,0.0,0.0,0.0,0.0,1.0,0.0,0.0
228,13017,1.0,0.0,0.0,0.0,0.0,1.0,0.0,0.0
229,13021,0.0,1.0,1.0,0.0,0.0,0.0,0.0,0.0
230,13025,0.0,0.0,0.0,0.0,0.0,0.0,1.0,0.0
231,13029,0.0,0.0,0.0,1.0,0.0,0.0,0.0,0.0
232,13031,0.0,0.0,0.0,1.0,0.0,0.0,0.0,1.0
233,13039,0.0,0.0,1.0,0.0,0.0,0.0,0.0,0.0
234,13043,1.0,0.0,0.0,0.0,0.0,0.0,0.0,0.0
235,13047,1.0,0.0,0.0,0.0,0.0,0.0,0.0,0.0
236,13051,4.0,0.0,1.0,0.0,0.0,0.0,0.0,1.0
237,13057,1.0,2.0,0.0,0.0,0.0,0.0,1.0,1.0
238,13063,0.0,0.0,0.0,0.0,0.0,0.0,1.0,0.0
239,13067,1.0,2.0,0.0,0.0,1.0,2.0,2.0,3.0
240,13073,1.0,1.0,0.0,0.0,0.0,1.0,0.0,1.0
241,13081,2.0,0.0,0.0,0.0,0.0,0.0,0.0,0.0
242,13085,0.0,1.0,0.0,0.0,0.0,0.0,0.0,0.0
243,13087,1.0,0.0,0.0,0.0,0.0,0.0,1.0,0.0
244,13089,6.0,2.0,1.0,1.0,0.0,0.0,4.0,13.0
245,13095,2.0,4.0,0.0,3.0,0.0,0.0,0.0,0.0
246,13097,0.0,0.0,0.0,0.0,0.0,0.0,0.0,1.0
247,13101,0.0,1.0,0.0,0.0,0.0,0.0,0.0,0.0
248,13115,1.0,0.0,0.0,1.0,0.0,0.0,0.0,0.0
249,13117,1.0,0.0,0.0,0.0,0.0,0.0,0.0,1.0
250,13121,3.0,9.0,6.0,0.0,1.0,5.0,5.0,18.0
251,13127,0.0,1.0,0.0,0.0,0.0,0.0,0.0,1.0
252,13135,1.0,2.0,1.0,0.0,0.0,1.0,0.0,1.0
253,13139,0.0,1.0,0.0,0.0,0.0,0.0,0.0,1.0
254,13151,0.0,0.0,0.0,0.0,0.0,0.0,0.0,1.0
255,13153,1.0,1.0,0.0,0.0,1.0,2.0,0.0,2.0
256,13161,0.0,0.0,0.0,0.0,0.0,0.0,0.0,1.0
257,13167,1.0,0.0,0.0,0.0,0.0,0.0,0.0,0.0
258,13169,1.0,0.0,0.0,0.0,0.0,0.0,0.0,0.0
259,13171,1.0,0.0,0.0,0.0,0.0,0.0,0.0,0.0
260,13177,1.0,0.0,0.0,0.0,0.0,0.0,0.0,0.0
261,13185,0.0,1.0,0.0,0.0,0.0,0.0,0.0,0.0
262,13189,1.0,0.0,0.0,0.0,0.0,0.0,0.0,0.0
263,13201,1.0,1.0,0.0,0.0,0.0,0.0,0.0,0.0
264,13205,1.0,1.0,1.0,0.0,0.0,0.0,0.0,0.0
265,13211,1.0,0.0,0.0,0.0,0.0,0.0,0.0,0.0
266,13215,4.0,3.0,1.0,1.0,0.0,0.0,3.0,1.0
267,13223,0.0,0.0,0.0,0.0,0.0,1.0,0.0,0.0
268,13229,0.0,1.0,1.0,0.0,0.0,0.0,0.0,0.0
269,13231,0.0,1.0,0.0,0.0,0.0,0.0,0.0,0.0
270,13233,1.0,0.0,0.0,0.0,0.0,0.0,0.0,0.0
271,13239,1.0,0.0,0.0,0.0,0.0,0.0,0.0,0.0
272,13245,0.0,0.0,0.0,0.0,1.0,4.0,1.0,2.0
273,13247,1.0,0.0,0.0,0.0,0.0,0.0,0.0,0.0
274,13257,1.0,0.0,0.0,0.0,0.0,0.0,0.0,0.0
275,13261,1.0,0.0,0.0,0.0,0.0,0.0,0.0,1.0
276,13283,1.0,0.0,0.0,0.0,0.0,0.0,0.0,0.0
277,13309,0.0,0.0,0.0,0.0,0.0,0.0,0.0,1.0
278,13313,2.0,0.0,0.0,0.0,0.0,1.0,0.0,0.0
279,15003,0.0,0.0,0.0,0.0,0.0,0.0,0.0,1.0
280,16001,8.0,2.0,2.0,3.0,9.0,1.0,5.0,4.0
281,16003,1.0,0.0,0.0,0.0,1.0,0.0,0.0,0.0
282,16005,0.0,1.0,0.0,0.0,0.0,0.0,0.0,0.0
283,16011,0.0,0.0,0.0,0.0,0.0,0.0,2.0,0.0
284,16027,2.0,2.0,1.0,0.0,2.0,2.0,7.0,1.0
285,16031,0.0,0.0,0.0,0.0,0.0,0.0,1.0,0.0
286,16039,1.0,0.0,1.0,0.0,0.0,0.0,0.0,0.0
287,16045,3.0,1.0,0.0,1.0,0.0,0.0,1.0,1.0
288,16047,2.0,1.0,0.0,1.0,0.0,0.0,4.0,0.0
289,16055,1.0,0.0,0.0,0.0,0.0,0.0,1.0,0.0
290,16059,0.0,1.0,0.0,0.0,1.0,0.0,0.0,0.0
291,16063,0.0,2.0,0.0,0.0,0.0,0.0,0.0,0.0
292,16073,1.0,1.0,3.0,1.0,1.0,0.0,3.0,0.0
293,16075,2.0,0.0,1.0,0.0,0.0,0.0,1.0,0.0
294,16081,0.0,1.0,0.0,0.0,0.0,0.0,0.0,0.0
295,16083,1.0,1.0,1.0,0.0,0.0,0.0,4.0,0.0
296,16085,0.0,0.0,0.0,0.0,0.0,0.0,1.0,0.0
297,16087,3.0,3.0,4.0,0.0,2.0,0.0,6.0,0.0
298,17001,1.0,0.0,0.0,0.0,0.0,0.0,1.0,0.0
299,17005,0.0,1.0,0.0,0.0,0.0,0.0,0.0,0.0
300,17007,1.0,0.0,0.0,0.0,0.0,0.0,0.0,0.0
301,17015,1.0,0.0,0.0,0.0,0.0,0.0,0.0,0.0
302,17019,0.0,2.0,0.0,0.0,1.0,0.0,1.0,1.0
303,17027,0.0,2.0,0.0,0.0,0.0,0.0,0.0,0.0
304,17029,0.0,1.0,0.0,0.0,0.0,0.0,2.0,1.0
305,17031,52.0,104.0,14.0,34.0,35.0,18.0,62.0,33.0
306,17037,0.0,2.0,0.0,0.0,1.0,0.0,0.0,0.0
307,17041,1.0,0.0,0.0,0.0,0.0,0.0,0.0,0.0
308,17043,6.0,18.0,6.0,4.0,12.0,4.0,16.0,9.0
309,17045,0.0,1.0,0.0,0.0,0.0,0.0,1.0,0.0
310,17047,0.0,1.0,0.0,0.0,0.0,0.0,0.0,0.0
311,17053,0.0,1.0,0.0,0.0,0.0,0.0,0.0,0.0
312,17055,1.0,1.0,1.0,0.0,1.0,1.0,0.0,0.0
313,17057,0.0,1.0,0.0,0.0,0.0,0.0,0.0,0.0
314,17063,0.0,0.0,0.0,1.0,0.0,0.0,0.0,0.0
315,17077,2.0,0.0,0.0,0.0,0.0,0.0,0.0,0.0
316,17089,2.0,7.0,0.0,0.0,2.0,2.0,7.0,4.0
317,17091,2.0,0.0,1.0,0.0,0.0,0.0,0.0,0.0
318,17093,0.0,1.0,0.0,0.0,1.0,1.0,1.0,0.0
319,17095,0.0,0.0,0.0,1.0,0.0,0.0,0.0,0.0
320,17097,6.0,8.0,0.0,0.0,5.0,1.0,1.0,6.0
321,17099,1.0,1.0,0.0,0.0,0.0,0.0,0.0,0.0
322,17103,1.0,0.0,0.0,0.0,0.0,0.0,1.0,0.0
323,17111,4.0,2.0,0.0,0.0,0.0,1.0,1.0,1.0
324,17113,0.0,0.0,0.0,0.0,0.0,1.0,0.0,0.0
325,17115,0.0,0.0,0.0,0.0,0.0,0.0,2.0,1.0
326,17117,0.0,1.0,0.0,0.0,0.0,0.0,0.0,0.0
327,17119,2.0,2.0,0.0,0.0,0.0,0.0,2.0,0.0
328,17121,0.0,2.0,0.0,0.0,0.0,0.0,1.0,0.0
329,17123,0.0,0.0,0.0,0.0,0.0,0.0,1.0,0.0
330,17127,1.0,0.0,1.0,0.0,0.0,0.0,0.0,0.0
331,17141,0.0,0.0,0.0,0.0,0.0,0.0,1.0,0.0
332,17143,1.0,1.0,1.0,0.0,1.0,2.0,3.0,0.0
333,17157,0.0,0.0,0.0,0.0,0.0,1.0,0.0,0.0
334,17161,0.0,2.0,0.0,0.0,0.0,0.0,1.0,0.0
335,17163,1.0,2.0,2.0,0.0,0.0,1.0,4.0,3.0
336,17167,0.0,1.0,1.0,0.0,0.0,0.0,1.0,1.0
337,17171,0.0,0.0,1.0,0.0,0.0,0.0,0.0,0.0
338,17177,0.0,2.0,0.0,0.0,0.0,0.0,1.0,0.0
339,17179,0.0,2.0,0.0,1.0,0.0,0.0,0.0,2.0
340,17183,0.0,0.0,0.0,0.0,0.0,0.0,0.0,1.0
341,17195,0.0,1.0,0.0,0.0,0.0,0.0,0.0,0.0
342,17197,1.0,4.0,0.0,1.0,4.0,0.0,4.0,2.0
343,17199,0.0,1.0,0.0,0.0,1.0,0.0,0.0,0.0
344,17201,3.0,1.0,0.0,0.0,0.0,0.0,2.0,4.0
345,17203,0.0,0.0,0.0,0.0,0.0,0.0,2.0,0.0
346,18003,1.0,5.0,0.0,0.0,1.0,0.0,0.0,0.0
347,18005,1.0,0.0,0.0,0.0,0.0,0.0,0.0,0.0
348,18019,2.0,0.0,0.0,0.0,1.0,0.0,0.0,0.0
349,18021,0.0,0.0,0.0,0.0,1.0,0.0,0.0,0.0
350,18023,0.0,0.0,0.0,0.0,0.0,1.0,0.0,0.0
351,18025,0.0,0.0,1.0,0.0,0.0,0.0,0.0,0.0
352,18035,2.0,3.0,0.0,1.0,0.0,0.0,0.0,0.0
353,18037,0.0,0.0,0.0,0.0,1.0,0.0,0.0,0.0
354,18039,2.0,2.0,0.0,0.0,2.0,0.0,1.0,0.0
355,18043,0.0,0.0,0.0,0.0,0.0,1.0,1.0,0.0
356,18053,1.0,1.0,0.0,0.0,0.0,0.0,0.0,0.0
357,18055,1.0,0.0,0.0,0.0,0.0,0.0,0.0,0.0
358,18057,2.0,5.0,1.0,0.0,0.0,0.0,0.0,0.0
359,18059,0.0,0.0,0.0,0.0,1.0,0.0,0.0,0.0
360,18063,0.0,1.0,0.0,0.0,0.0,0.0,0.0,0.0
361,18067,0.0,0.0,0.0,0.0,1.0,0.0,0.0,0.0
362,18069,0.0,1.0,0.0,0.0,0.0,0.0,0.0,0.0
363,18073,1.0,0.0,0.0,1.0,0.0,0.0,0.0,0.0
364,18075,1.0,0.0,0.0,0.0,0.0,0.0,0.0,0.0
365,18079,1.0,0.0,0.0,0.0,0.0,0.0,0.0,0.0
366,18081,0.0,0.0,0.0,0.0,0.0,0.0,1.0,1.0
367,18085,0.0,2.0,0.0,0.0,0.0,0.0,0.0,1.0
368,18089,3.0,4.0,1.0,1.0,1.0,0.0,0.0,2.0
369,18091,0.0,1.0,0.0,0.0,0.0,0.0,1.0,0.0
370,18095,1.0,0.0,0.0,0.0,0.0,0.0,0.0,0.0
371,18097,2.0,2.0,1.0,0.0,0.0,3.0,1.0,2.0
372,18099,1.0,0.0,0.0,0.0,0.0,0.0,0.0,0.0
373,18105,0.0,0.0,0.0,0.0,0.0,0.0,1.0,0.0
374,18109,0.0,0.0,0.0,0.0,1.0,0.0,1.0,0.0
375,18123,0.0,0.0,0.0,0.0,0.0,0.0,1.0,0.0
376,18127,0.0,1.0,0.0,0.0,3.0,0.0,3.0,2.0
377,18135,0.0,0.0,0.0,0.0,0.0,0.0,1.0,0.0
378,18137,0.0,0.0,0.0,0.0,0.0,0.0,0.0,1.0
379,18141,0.0,0.0,0.0,0.0,1.0,0.0,0.0,0.0
380,18153,1.0,0.0,0.0,0.0,0.0,1.0,0.0,0.0
381,18157,1.0,0.0,0.0,0.0,0.0,0.0,1.0,0.0
382,18163,0.0,4.0,0.0,0.0,0.0,0.0,0.0,1.0
383,18173,0.0,0.0,0.0,0.0,0.0,0.0,0.0,1.0
384,18177,1.0,0.0,0.0,0.0,0.0,0.0,0.0,0.0
385,18179,0.0,1.0,0.0,0.0,0.0,0.0,0.0,0.0
386,18181,0.0,1.0,0.0,0.0,0.0,0.0,0.0,0.0
387,18183,1.0,1.0,0.0,0.0,0.0,0.0,0.0,0.0
388,19003,0.0,1.0,0.0,0.0,0.0,0.0,1.0,0.0
389,19005,1.0,0.0,0.0,0.0,0.0,0.0,0.0,0.0
390,19009,0.0,1.0,1.0,0.0,0.0,0.0,0.0,0.0
391,19015,0.0,1.0,0.0,0.0,0.0,0.0,0.0,0.0
392,19017,0.0,3.0,0.0,0.0,0.0,1.0,0.0,0.0
393,19021,1.0,0.0,0.0,0.0,0.0,1.0,0.0,0.0
394,19023,0.0,1.0,0.0,0.0,0.0,0.0,0.0,0.0
395,19025,0.0,2.0,0.0,0.0,0.0,0.0,0.0,0.0
396,19037,0.0,1.0,0.0,0.0,0.0,0.0,0.0,1.0
397,19039,0.0,1.0,0.0,0.0,0.0,0.0,0.0,0.0
398,19045,0.0,0.0,0.0,0.0,0.0,0.0,1.0,0.0
399,19047,0.0,0.0,0.0,0.0,0.0,1.0,0.0,0.0
400,19057,0.0,2.0,0.0,0.0,0.0,0.0,0.0,0.0
401,19061,0.0,0.0,0.0,0.0,0.0,0.0,1.0,0.0
402,19063,0.0,1.0,0.0,0.0,0.0,0.0,0.0,0.0
403,19065,0.0,1.0,0.0,0.0,0.0,0.0,0.0,0.0
404,19067,0.0,1.0,0.0,0.0,0.0,0.0,0.0,0.0
405,19069,0.0,1.0,0.0,0.0,0.0,0.0,0.0,0.0
406,19073,0.0,1.0,0.0,0.0,0.0,0.0,0.0,0.0
407,19081,0.0,0.0,0.0,0.0,0.0,1.0,0.0,0.0
408,19085,0.0,3.0,1.0,0.0,0.0,0.0,0.0,2.0
409,19087,0.0,1.0,0.0,0.0,0.0,0.0,0.0,0.0
410,19091,0.0,2.0,0.0,0.0,0.0,0.0,0.0,0.0
411,19093,1.0,1.0,0.0,0.0,0.0,0.0,0.0,0.0
412,19099,0.0,1.0,0.0,0.0,0.0,0.0,0.0,0.0
413,19103,0.0,2.0,0.0,0.0,1.0,0.0,0.0,1.0
414,19105,0.0,0.0,0.0,0.0,0.0,0.0,0.0,1.0
415,19107,0.0,0.0,0.0,0.0,0.0,0.0,0.0,1.0
416,19109,0.0,1.0,0.0,0.0,0.0,0.0,0.0,0.0
417,19111,0.0,0.0,0.0,0.0,0.0,0.0,1.0,0.0
418,19113,1.0,0.0,0.0,0.0,0.0,0.0,1.0,0.0
419,19119,2.0,8.0,0.0,0.0,0.0,0.0,1.0,0.0
420,19125,0.0,1.0,0.0,0.0,0.0,0.0,0.0,2.0
421,19127,0.0,0.0,0.0,1.0,0.0,0.0,0.0,0.0
422,19129,0.0,3.0,0.0,0.0,0.0,0.0,0.0,0.0
423,19131,0.0,1.0,0.0,0.0,0.0,0.0,0.0,0.0
424,19133,0.0,1.0,0.0,0.0,0.0,0.0,0.0,0.0
425,19135,0.0,1.0,0.0,0.0,0.0,0.0,0.0,0.0
426,19137,0.0,1.0,0.0,0.0,2.0,0.0,0.0,0.0
427,19141,0.0,1.0,0.0,0.0,0.0,0.0,0.0,0.0
428,19143,1.0,0.0,0.0,0.0,0.0,0.0,0.0,1.0
429,19145,0.0,1.0,0.0,0.0,0.0,0.0,1.0,0.0
430,19147,0.0,1.0,0.0,0.0,0.0,0.0,0.0,0.0
431,19149,0.0,2.0,0.0,1.0,0.0,1.0,3.0,0.0
432,19151,0.0,0.0,0.0,0.0,0.0,0.0,1.0,0.0
433,19153,1.0,12.0,0.0,1.0,0.0,2.0,1.0,5.0
434,19155,1.0,12.0,0.0,0.0,0.0,0.0,0.0,2.0
435,19157,1.0,1.0,0.0,0.0,0.0,0.0,0.0,0.0
436,19163,0.0,1.0,0.0,0.0,0.0,0.0,0.0,0.0
437,19165,0.0,1.0,0.0,0.0,0.0,0.0,0.0,0.0
438,19167,0.0,9.0,1.0,0.0,0.0,1.0,2.0,3.0
439,19169,1.0,4.0,0.0,0.0,1.0,0.0,0.0,0.0
440,19177,0.0,1.0,0.0,0.0,0.0,0.0,0.0,0.0
441,19181,0.0,3.0,0.0,0.0,0.0,0.0,1.0,2.0
442,19183,0.0,1.0,0.0,0.0,0.0,0.0,0.0,0.0
443,19185,0.0,1.0,0.0,0.0,0.0,0.0,1.0,0.0
444,19193,1.0,8.0,2.0,0.0,2.0,1.0,1.0,0.0
445,20005,0.0,0.0,0.0,0.0,0.0,0.0,0.0,1.0
446,20007,1.0,0.0,0.0,0.0,0.0,0.0,1.0,0.0
447,20009,3.0,1.0,2.0,0.0,0.0,0.0,2.0,0.0
448,20015,0.0,2.0,0.0,0.0,0.0,1.0,1.0,0.0
449,20023,0.0,0.0,0.0,0.0,0.0,0.0,2.0,0.0
450,20027,0.0,1.0,0.0,0.0,0.0,0.0,0.0,0.0
451,20035,0.0,1.0,0.0,0.0,0.0,0.0,1.0,0.0
452,20037,1.0,0.0,1.0,0.0,0.0,0.0,0.0,0.0
453,20039,0.0,0.0,0.0,0.0,0.0,0.0,1.0,0.0
454,20041,1.0,1.0,0.0,0.0,0.0,1.0,1.0,0.0
455,20045,0.0,3.0,1.0,0.0,0.0,1.0,1.0,1.0
456,20051,1.0,1.0,0.0,0.0,2.0,0.0,0.0,0.0
457,20055,1.0,1.0,0.0,0.0,1.0,0.0,2.0,1.0
458,20057,1.0,2.0,0.0,0.0,2.0,0.0,1.0,1.0
459,20065,0.0,2.0,0.0,0.0,0.0,0.0,0.0,0.0
460,20067,0.0,0.0,0.0,0.0,0.0,0.0,4.0,0.0
461,20069,0.0,1.0,0.0,0.0,2.0,0.0,4.0,2.0
462,20071,0.0,2.0,0.0,0.0,0.0,0.0,0.0,0.0
463,20075,1.0,1.0,0.0,0.0,0.0,0.0,1.0,0.0
464,20079,0.0,1.0,0.0,0.0,0.0,0.0,0.0,0.0
465,20081,0.0,0.0,1.0,0.0,0.0,0.0,0.0,2.0
466,20083,0.0,0.0,0.0,1.0,0.0,0.0,0.0,0.0
467,20085,0.0,1.0,0.0,0.0,0.0,0.0,0.0,0.0
468,20091,1.0,3.0,1.0,1.0,3.0,2.0,5.0,2.0
469,20093,0.0,2.0,0.0,0.0,0.0,0.0,0.0,0.0
470,20095,0.0,0.0,0.0,0.0,2.0,1.0,1.0,0.0
471,20101,0.0,1.0,0.0,0.0,0.0,0.0,1.0,0.0
472,20103,0.0,0.0,0.0,0.0,1.0,0.0,0.0,0.0
473,20105,0.0,0.0,1.0,0.0,0.0,0.0,0.0,0.0
474,20107,0.0,0.0,1.0,0.0,0.0,0.0,0.0,0.0
475,20109,0.0,0.0,0.0,0.0,0.0,0.0,1.0,0.0
476,20113,0.0,0.0,1.0,0.0,1.0,0.0,0.0,0.0
477,20117,0.0,1.0,0.0,0.0,0.0,0.0,1.0,0.0
478,20119,0.0,2.0,0.0,0.0,0.0,0.0,3.0,0.0
479,20121,0.0,0.0,0.0,0.0,0.0,0.0,1.0,0.0
480,20123,0.0,0.0,0.0,0.0,0.0,1.0,0.0,1.0
481,20129,0.0,0.0,0.0,0.0,0.0,0.0,1.0,0.0
482,20135,0.0,1.0,0.0,0.0,0.0,0.0,2.0,0.0
483,20137,0.0,1.0,0.0,0.0,0.0,0.0,1.0,2.0
484,20141,1.0,0.0,0.0,0.0,0.0,0.0,0.0,0.0
485,20145,0.0,0.0,0.0,0.0,0.0,0.0,0.0,1.0
486,20147,0.0,1.0,0.0,0.0,0.0,0.0,0.0,0.0
487,20149,0.0,1.0,0.0,0.0,0.0,0.0,0.0,0.0
488,20151,1.0,1.0,0.0,0.0,0.0,0.0,0.0,0.0
489,20153,0.0,2.0,0.0,0.0,0.0,0.0,0.0,0.0
490,20155,0.0,0.0,0.0,0.0,0.0,1.0,3.0,3.0
491,20157,1.0,1.0,0.0,1.0,0.0,0.0,0.0,0.0
492,20159,0.0,0.0,0.0,0.0,1.0,0.0,0.0,0.0
493,20161,0.0,0.0,0.0,0.0,0.0,1.0,0.0,0.0
494,20163,1.0,0.0,0.0,0.0,0.0,0.0,0.0,0.0
495,20169,0.0,2.0,0.0,1.0,1.0,2.0,2.0,0.0
496,20171,1.0,0.0,0.0,1.0,0.0,0.0,2.0,0.0
497,20173,1.0,2.0,3.0,3.0,0.0,2.0,6.0,2.0
498,20175,0.0,0.0,0.0,0.0,0.0,0.0,0.0,1.0
499,20177,4.0,1.0,0.0,0.0,0.0,0.0,3.0,1.0
500,20181,1.0,0.0,1.0,0.0,0.0,1.0,2.0,0.0
501,20185,0.0,2.0,0.0,0.0,0.0,0.0,0.0,0.0
502,20187,0.0,0.0,0.0,0.0,0.0,0.0,1.0,1.0
503,20189,0.0,1.0,0.0,0.0,0.0,0.0,3.0,0.0
504,20193,1.0,0.0,0.0,0.0,0.0,0.0,0.0,1.0
505,20195,0.0,0.0,0.0,0.0,0.0,0.0,1.0,0.0
506,20197,1.0,0.0,0.0,0.0,0.0,0.0,0.0,0.0
507,20199,1.0,0.0,0.0,0.0,0.0,0.0,2.0,0.0
508,20201,0.0,1.0,0.0,0.0,0.0,0.0,0.0,0.0
509,20207,0.0,0.0,0.0,0.0,0.0,0.0,1.0,0.0
510,20209,2.0,0.0,0.0,0.0,1.0,0.0,1.0,0.0
511,21003,0.0,0.0,0.0,0.0,0.0,0.0,0.0,1.0
512,21015,0.0,0.0,0.0,0.0,0.0,1.0,0.0,0.0
513,21019,0.0,1.0,0.0,0.0,0.0,0.0,0.0,0.0
514,21025,0.0,0.0,0.0,0.0,0.0,0.0,0.0,1.0
515,21037,0.0,0.0,1.0,0.0,0.0,0.0,0.0,0.0
516,21049,0.0,0.0,0.0,0.0,0.0,0.0,2.0,0.0
517,21059,0.0,0.0,0.0,0.0,0.0,0.0,2.0,1.0
518,21065,1.0,0.0,0.0,0.0,0.0,0.0,0.0,0.0
519,21067,1.0,1.0,1.0,0.0,0.0,0.0,0.0,0.0
520,21089,1.0,0.0,0.0,0.0,0.0,0.0,0.0,0.0
521,21103,1.0,0.0,0.0,0.0,0.0,0.0,0.0,0.0
522,21107,3.0,1.0,0.0,0.0,0.0,0.0,0.0,0.0
523,21111,2.0,5.0,2.0,0.0,1.0,3.0,7.0,1.0
524,21117,1.0,3.0,2.0,0.0,0.0,0.0,0.0,1.0
525,21141,0.0,0.0,0.0,0.0,1.0,0.0,0.0,0.0
526,21145,0.0,0.0,2.0,0.0,1.0,0.0,0.0,3.0
527,21161,0.0,1.0,0.0,0.0,0.0,0.0,0.0,0.0
528,21169,0.0,0.0,1.0,0.0,0.0,0.0,0.0,0.0
529,21171,0.0,0.0,0.0,0.0,1.0,0.0,0.0,0.0
530,21227,0.0,0.0,1.0,0.0,0.0,0.0,1.0,0.0
531,21231,0.0,0.0,0.0,0.0,0.0,0.0,0.0,1.0
532,22003,1.0,0.0,0.0,0.0,0.0,0.0,0.0,0.0
533,22005,0.0,9.0,0.0,0.0,0.0,1.0,6.0,0.0
534,22007,1.0,0.0,0.0,0.0,0.0,0.0,0.0,0.0
535,22009,0.0,0.0,0.0,0.0,0.0,0.0,0.0,1.0
536,22011,0.0,0.0,0.0,0.0,0.0,0.0,0.0,1.0
537,22013,0.0,0.0,0.0,0.0,0.0,1.0,1.0,0.0
538,22015,3.0,3.0,0.0,3.0,1.0,3.0,1.0,2.0
539,22017,7.0,7.0,2.0,6.0,3.0,2.0,1.0,1.0
540,22019,0.0,0.0,0.0,0.0,1.0,0.0,3.0,4.0
541,22025,1.0,0.0,0.0,0.0,0.0,0.0,0.0,0.0
542,22027,0.0,1.0,0.0,0.0,0.0,0.0,0.0,0.0
543,22029,1.0,0.0,0.0,0.0,0.0,0.0,0.0,0.0
544,22031,0.0,2.0,0.0,0.0,1.0,0.0,0.0,2.0
545,22033,8.0,14.0,4.0,2.0,5.0,5.0,5.0,3.0
546,22037,0.0,0.0,0.0,0.0,0.0,2.0,0.0,0.0
547,22039,0.0,1.0,0.0,0.0,0.0,0.0,0.0,0.0
548,22041,1.0,0.0,0.0,0.0,0.0,0.0,0.0,7.0
549,22043,1.0,1.0,0.0,0.0,0.0,0.0,0.0,0.0
550,22045,1.0,0.0,0.0,0.0,0.0,0.0,3.0,1.0
551,22047,0.0,2.0,0.0,0.0,0.0,0.0,0.0,0.0
552,22049,1.0,0.0,0.0,0.0,0.0,0.0,0.0,0.0
553,22051,1.0,2.0,0.0,1.0,1.0,1.0,1.0,0.0
554,22053,0.0,0.0,0.0,0.0,0.0,0.0,0.0,2.0
555,22055,0.0,2.0,0.0,0.0,0.0,1.0,7.0,3.0
556,22057,0.0,3.0,0.0,0.0,0.0,1.0,2.0,2.0
557,22059,1.0,0.0,0.0,0.0,0.0,0.0,0.0,0.0
558,22061,2.0,0.0,0.0,0.0,1.0,0.0,0.0,0.0
559,22063,3.0,4.0,3.0,1.0,3.0,10.0,3.0,2.0
560,22065,0.0,0.0,0.0,1.0,0.0,0.0,0.0,0.0
561,22067,2.0,0.0,1.0,0.0,0.0,1.0,0.0,1.0
562,22069,0.0,0.0,1.0,0.0,0.0,1.0,0.0,0.0
563,22071,0.0,3.0,0.0,0.0,1.0,0.0,0.0,1.0
564,22073,1.0,6.0,0.0,0.0,1.0,3.0,1.0,8.0
565,22077,0.0,0.0,0.0,0.0,0.0,0.0,1.0,0.0
566,22079,10.0,4.0,3.0,1.0,1.0,3.0,2.0,3.0
567,22083,0.0,0.0,0.0,0.0,0.0,0.0,1.0,0.0
568,22093,0.0,2.0,0.0,0.0,0.0,0.0,0.0,0.0
569,22095,0.0,0.0,0.0,0.0,0.0,0.0,1.0,0.0
570,22097,0.0,1.0,0.0,0.0,0.0,0.0,0.0,2.0
571,22099,0.0,1.0,0.0,0.0,0.0,0.0,1.0,0.0
572,22103,4.0,10.0,3.0,0.0,2.0,4.0,3.0,1.0
573,22105,0.0,1.0,0.0,2.0,0.0,10.0,0.0,1.0
574,22109,1.0,1.0,0.0,0.0,0.0,0.0,2.0,0.0
575,22113,0.0,0.0,0.0,0.0,0.0,0.0,0.0,1.0
576,22117,1.0,1.0,3.0,0.0,0.0,0.0,2.0,1.0
577,22119,0.0,0.0,0.0,1.0,1.0,0.0,3.0,2.0
578,22121,0.0,2.0,0.0,0.0,0.0,0.0,2.0,1.0
579,22123,0.0,0.0,0.0,0.0,0.0,0.0,1.0,0.0
580,23005,0.0,2.0,0.0,1.0,0.0,0.0,0.0,1.0
581,23027,0.0,0.0,0.0,0.0,0.0,0.0,0.0,1.0
582,24003,1.0,2.0,0.0,0.0,0.0,0.0,0.0,4.0
583,24005,0.0,9.0,1.0,0.0,1.0,3.0,1.0,10.0
584,24009,0.0,1.0,0.0,0.0,0.0,0.0,0.0,0.0
585,24013,0.0,2.0,0.0,0.0,0.0,0.0,0.0,0.0
586,24015,0.0,2.0,0.0,0.0,1.0,0.0,1.0,0.0
587,24017,1.0,0.0,0.0,0.0,0.0,0.0,0.0,0.0
588,24021,0.0,2.0,0.0,0.0,0.0,0.0,0.0,2.0
589,24025,1.0,5.0,0.0,0.0,0.0,0.0,1.0,1.0
590,24027,0.0,1.0,0.0,0.0,0.0,0.0,0.0,0.0
591,24029,0.0,0.0,0.0,0.0,0.0,0.0,0.0,2.0
592,24031,3.0,6.0,2.0,1.0,2.0,0.0,5.0,4.0
593,24033,0.0,7.0,3.0,0.0,2.0,1.0,1.0,2.0
594,24041,0.0,1.0,0.0,0.0,0.0,0.0,1.0,0.0
595,24043,0.0,1.0,0.0,0.0,0.0,0.0,0.0,0.0
596,24510,0.0,5.0,1.0,0.0,2.0,2.0,3.0,3.0
597,25001,1.0,4.0,0.0,0.0,0.0,0.0,0.0,2.0
598,25003,0.0,1.0,0.0,0.0,0.0,0.0,0.0,0.0
599,25005,1.0,2.0,1.0,1.0,1.0,0.0,0.0,1.0
600,25009,0.0,8.0,0.0,0.0,2.0,0.0,0.0,2.0
601,25011,0.0,1.0,0.0,0.0,0.0,0.0,0.0,0.0
602,25013,1.0,0.0,0.0,1.0,0.0,0.0,2.0,2.0
603,25015,0.0,2.0,0.0,0.0,0.0,0.0,0.0,0.0
604,25017,3.0,17.0,2.0,9.0,8.0,4.0,2.0,5.0
605,25021,0.0,1.0,0.0,1.0,0.0,0.0,1.0,1.0
606,25023,0.0,2.0,2.0,0.0,0.0,1.0,0.0,0.0
607,25025,0.0,9.0,0.0,0.0,0.0,3.0,0.0,4.0
608,25027,0.0,2.0,0.0,0.0,0.0,0.0,1.0,2.0
609,26005,0.0,3.0,0.0,0.0,0.0,0.0,0.0,0.0
610,26015,0.0,1.0,0.0,1.0,0.0,0.0,0.0,0.0
611,26017,2.0,0.0,1.0,0.0,0.0,0.0,1.0,0.0
612,26021,0.0,3.0,0.0,0.0,0.0,0.0,1.0,1.0
613,26025,0.0,0.0,0.0,0.0,1.0,0.0,0.0,1.0
614,26027,0.0,0.0,0.0,0.0,1.0,0.0,0.0,0.0
615,26037,1.0,0.0,0.0,2.0,0.0,0.0,1.0,0.0
616,26041,0.0,0.0,0.0,0.0,0.0,0.0,0.0,1.0
617,26045,0.0,1.0,0.0,0.0,0.0,0.0,0.0,1.0
618,26049,1.0,3.0,1.0,0.0,1.0,0.0,0.0,3.0
619,26055,1.0,0.0,0.0,0.0,0.0,0.0,0.0,0.0
620,26057,0.0,0.0,0.0,1.0,0.0,0.0,0.0,0.0
621,26059,2.0,0.0,0.0,0.0,0.0,0.0,0.0,0.0
622,26065,0.0,5.0,0.0,2.0,1.0,0.0,1.0,1.0
623,26073,1.0,0.0,0.0,0.0,0.0,0.0,1.0,0.0
624,26075,0.0,0.0,0.0,0.0,0.0,0.0,0.0,3.0
625,26077,1.0,1.0,0.0,0.0,0.0,0.0,0.0,0.0
626,26081,5.0,18.0,1.0,4.0,1.0,0.0,2.0,1.0
627,26083,0.0,0.0,0.0,0.0,1.0,0.0,0.0,0.0
628,26087,0.0,1.0,0.0,0.0,0.0,0.0,0.0,1.0
629,26089,0.0,0.0,0.0,0.0,0.0,0.0,1.0,0.0
630,26091,1.0,0.0,0.0,0.0,0.0,0.0,1.0,1.0
631,26093,0.0,0.0,0.0,0.0,0.0,0.0,0.0,1.0
632,26099,7.0,11.0,2.0,2.0,14.0,1.0,1.0,6.0
633,26103,0.0,0.0,1.0,0.0,0.0,0.0,0.0,0.0
634,26109,1.0,0.0,0.0,0.0,0.0,0.0,0.0,0.0
635,26115,0.0,4.0,0.0,0.0,1.0,0.0,0.0,1.0
636,26117,3.0,0.0,0.0,0.0,0.0,0.0,0.0,0.0
637,26121,0.0,0.0,0.0,0.0,1.0,0.0,0.0,0.0
638,26123,0.0,0.0,0.0,0.0,1.0,0.0,0.0,0.0
639,26125,5.0,12.0,1.0,7.0,12.0,4.0,1.0,4.0
640,26131,0.0,0.0,0.0,0.0,0.0,0.0,1.0,0.0
641,26135,0.0,1.0,0.0,0.0,0.0,0.0,0.0,0.0
642,26139,0.0,2.0,0.0,0.0,0.0,0.0,2.0,0.0
643,26141,0.0,0.0,1.0,0.0,0.0,0.0,0.0,0.0
644,26145,1.0,0.0,0.0,0.0,0.0,0.0,0.0,0.0
645,26147,0.0,0.0,0.0,0.0,1.0,0.0,2.0,1.0
646,26149,0.0,3.0,0.0,0.0,0.0,0.0,0.0,0.0
647,26151,0.0,0.0,0.0,0.0,0.0,0.0,1.0,0.0
648,26155,0.0,0.0,0.0,0.0,0.0,0.0,1.0,0.0
649,26157,0.0,1.0,0.0,0.0,0.0,0.0,1.0,0.0
650,26159,0.0,1.0,0.0,0.0,0.0,0.0,0.0,0.0
651,26161,0.0,1.0,0.0,0.0,0.0,0.0,0.0,0.0
652,26163,8.0,30.0,4.0,13.0,11.0,8.0,5.0,4.0
653,27003,2.0,3.0,0.0,0.0,4.0,0.0,4.0,1.0
654,27005,0.0,2.0,0.0,0.0,0.0,0.0,0.0,1.0
655,27011,0.0,2.0,0.0,0.0,0.0,0.0,1.0,0.0
656,27013,0.0,3.0,0.0,0.0,0.0,1.0,1.0,0.0
657,27019,0.0,0.0,0.0,0.0,1.0,0.0,0.0,4.0
658,27021,0.0,0.0,0.0,0.0,0.0,1.0,0.0,2.0
659,27023,0.0,0.0,0.0,0.0,0.0,0.0,2.0,0.0
660,27025,0.0,1.0,0.0,0.0,0.0,0.0,0.0,0.0
661,27027,3.0,4.0,0.0,0.0,1.0,3.0,1.0,2.0
662,27033,3.0,1.0,0.0,0.0,0.0,0.0,0.0,0.0
663,27037,2.0,2.0,2.0,0.0,5.0,0.0,3.0,2.0
664,27039,0.0,1.0,0.0,0.0,0.0,0.0,0.0,0.0
665,27041,0.0,1.0,0.0,0.0,0.0,0.0,1.0,1.0
666,27045,0.0,0.0,0.0,0.0,0.0,1.0,1.0,0.0
667,27051,0.0,0.0,0.0,0.0,0.0,0.0,1.0,0.0
668,27053,4.0,9.0,1.0,0.0,13.0,1.0,12.0,4.0
669,27055,0.0,0.0,0.0,0.0,0.0,0.0,1.0,0.0
670,27061,0.0,0.0,0.0,0.0,0.0,0.0,3.0,0.0
671,27063,0.0,2.0,0.0,0.0,0.0,0.0,0.0,0.0
672,27067,0.0,0.0,1.0,0.0,0.0,1.0,1.0,0.0
673,27071,0.0,0.0,0.0,0.0,0.0,1.0,0.0,0.0
674,27073,0.0,0.0,0.0,0.0,0.0,0.0,1.0,0.0
675,27075,0.0,0.0,0.0,0.0,0.0,0.0,0.0,1.0
676,27079,1.0,0.0,0.0,0.0,0.0,0.0,1.0,0.0
677,27081,1.0,0.0,0.0,0.0,0.0,0.0,0.0,0.0
678,27083,1.0,2.0,0.0,0.0,0.0,1.0,4.0,0.0
679,27085,0.0,0.0,0.0,0.0,1.0,0.0,0.0,0.0
680,27089,0.0,1.0,0.0,0.0,0.0,0.0,0.0,0.0
681,27091,0.0,0.0,0.0,0.0,0.0,2.0,2.0,0.0
682,27093,0.0,0.0,0.0,0.0,0.0,0.0,1.0,0.0
683,27095,0.0,1.0,0.0,0.0,0.0,0.0,0.0,1.0
684,27101,1.0,0.0,0.0,0.0,1.0,2.0,1.0,0.0
685,27103,0.0,0.0,0.0,0.0,0.0,0.0,1.0,1.0
686,27105,0.0,0.0,0.0,0.0,0.0,1.0,0.0,0.0
687,27107,0.0,2.0,0.0,0.0,0.0,0.0,0.0,0.0
688,27109,1.0,0.0,0.0,0.0,0.0,0.0,1.0,0.0
689,27111,0.0,3.0,0.0,0.0,0.0,0.0,1.0,0.0
690,27115,0.0,1.0,0.0,0.0,0.0,0.0,0.0,0.0
691,27117,0.0,2.0,0.0,0.0,0.0,1.0,0.0,0.0
692,27119,0.0,4.0,0.0,0.0,1.0,0.0,3.0,3.0
693,27123,2.0,4.0,0.0,0.0,4.0,1.0,1.0,3.0
694,27125,0.0,0.0,0.0,0.0,0.0,0.0,0.0,1.0
695,27127,2.0,2.0,1.0,0.0,0.0,0.0,1.0,1.0
696,27129,0.0,2.0,0.0,0.0,0.0,0.0,0.0,0.0
697,27131,0.0,2.0,0.0,0.0,0.0,1.0,1.0,0.0
698,27133,1.0,0.0,0.0,0.0,0.0,1.0,1.0,1.0
699,27135,1.0,0.0,0.0,0.0,1.0,0.0,0.0,0.0
700,27137,0.0,0.0,0.0,0.0,0.0,0.0,0.0,1.0
701,27139,0.0,0.0,0.0,0.0,0.0,0.0,3.0,1.0
702,27141,0.0,0.0,0.0,0.0,0.0,0.0,1.0,0.0
703,27143,0.0,0.0,0.0,0.0,0.0,0.0,1.0,1.0
704,27145,2.0,0.0,0.0,0.0,0.0,0.0,1.0,1.0
705,27147,0.0,0.0,0.0,0.0,0.0,0.0,1.0,0.0
706,27149,0.0,0.0,0.0,0.0,0.0,1.0,1.0,0.0
707,27153,2.0,1.0,0.0,0.0,0.0,0.0,0.0,1.0
708,27155,0.0,1.0,0.0,0.0,0.0,1.0,1.0,0.0
709,27159,0.0,1.0,0.0,0.0,0.0,0.0,0.0,0.0
710,27161,0.0,0.0,0.0,0.0,1.0,0.0,0.0,0.0
711,27163,0.0,1.0,0.0,0.0,1.0,0.0,1.0,0.0
712,27165,0.0,1.0,0.0,0.0,0.0,0.0,0.0,0.0
713,27167,0.0,0.0,0.0,0.0,1.0,1.0,0.0,0.0
714,27171,0.0,0.0,0.0,0.0,1.0,0.0,0.0,0.0
715,27173,1.0,1.0,0.0,0.0,0.0,0.0,1.0,1.0
716,28001,0.0,2.0,0.0,0.0,0.0,1.0,0.0,1.0
717,28007,0.0,1.0,0.0,0.0,0.0,0.0,0.0,0.0
718,28011,1.0,0.0,0.0,0.0,0.0,0.0,1.0,0.0
719,28013,2.0,3.0,1.0,0.0,0.0,0.0,1.0,1.0
720,28021,0.0,0.0,0.0,2.0,0.0,0.0,0.0,0.0
721,28023,1.0,0.0,0.0,0.0,0.0,0.0,2.0,1.0
722,28025,1.0,0.0,1.0,0.0,0.0,0.0,0.0,0.0
723,28029,0.0,1.0,1.0,0.0,0.0,0.0,0.0,1.0
724,28031,1.0,0.0,0.0,0.0,0.0,0.0,0.0,1.0
725,28033,2.0,1.0,0.0,0.0,0.0,0.0,0.0,1.0
726,28035,5.0,2.0,4.0,0.0,0.0,0.0,2.0,3.0
727,28043,0.0,0.0,0.0,0.0,0.0,0.0,1.0,1.0
728,28045,0.0,0.0,0.0,0.0,0.0,0.0,0.0,1.0
729,28047,0.0,5.0,0.0,0.0,0.0,0.0,0.0,1.0
730,28049,15.0,16.0,2.0,0.0,3.0,3.0,6.0,8.0
731,28051,0.0,0.0,0.0,0.0,1.0,0.0,0.0,0.0
732,28053,2.0,0.0,0.0,0.0,0.0,0.0,1.0,0.0
733,28057,0.0,1.0,0.0,0.0,0.0,0.0,0.0,0.0
734,28059,0.0,1.0,0.0,0.0,0.0,0.0,2.0,4.0
735,28063,0.0,0.0,1.0,0.0,0.0,0.0,0.0,0.0
736,28067,1.0,1.0,1.0,0.0,0.0,0.0,0.0,0.0
737,28073,0.0,0.0,1.0,0.0,0.0,0.0,1.0,1.0
738,28075,1.0,1.0,0.0,0.0,0.0,0.0,0.0,0.0
739,28079,2.0,0.0,1.0,0.0,0.0,0.0,0.0,1.0
740,28081,3.0,2.0,0.0,1.0,0.0,0.0,0.0,0.0
741,28083,1.0,0.0,0.0,0.0,0.0,0.0,1.0,0.0
742,28085,2.0,0.0,0.0,0.0,0.0,0.0,2.0,2.0
743,28087,2.0,0.0,0.0,0.0,0.0,1.0,0.0,1.0
744,28089,5.0,2.0,0.0,1.0,0.0,0.0,4.0,9.0
745,28091,0.0,1.0,0.0,0.0,0.0,0.0,0.0,0.0
746,28095,2.0,0.0,0.0,0.0,0.0,0.0,0.0,1.0
747,28097,0.0,0.0,0.0,1.0,0.0,0.0,0.0,0.0
748,28099,0.0,0.0,0.0,0.0,0.0,0.0,0.0,2.0
749,28103,1.0,0.0,0.0,0.0,1.0,0.0,0.0,0.0
750,28105,0.0,1.0,0.0,0.0,0.0,1.0,0.0,0.0
751,28107,0.0,0.0,0.0,1.0,0.0,1.0,3.0,1.0
752,28109,0.0,1.0,0.0,0.0,1.0,0.0,0.0,1.0
753,28111,1.0,0.0,0.0,0.0,0.0,0.0,0.0,0.0
754,28113,0.0,0.0,0.0,0.0,0.0,0.0,1.0,1.0
755,28115,0.0,0.0,0.0,0.0,0.0,0.0,1.0,0.0
756,28117,0.0,0.0,0.0,0.0,0.0,0.0,2.0,0.0
757,28121,7.0,3.0,1.0,1.0,0.0,0.0,4.0,11.0
758,28123,2.0,0.0,0.0,0.0,0.0,0.0,0.0,0.0
759,28127,0.0,0.0,0.0,0.0,0.0,0.0,0.0,1.0
760,28129,0.0,0.0,1.0,0.0,0.0,0.0,0.0,0.0
761,28133,1.0,0.0,0.0,0.0,0.0,0.0,2.0,0.0
762,28137,0.0,0.0,0.0,0.0,0.0,0.0,0.0,2.0
763,28147,0.0,1.0,0.0,0.0,0.0,0.0,0.0,0.0
764,28149,0.0,0.0,0.0,0.0,1.0,0.0,0.0,0.0
765,28151,0.0,2.0,0.0,0.0,0.0,0.0,0.0,0.0
766,28157,1.0,0.0,0.0,0.0,0.0,0.0,0.0,0.0
767,28161,0.0,1.0,0.0,0.0,0.0,0.0,0.0,0.0
768,28163,1.0,1.0,0.0,0.0,1.0,0.0,0.0,1.0
769,29019,0.0,1.0,1.0,0.0,1.0,1.0,0.0,1.0
770,29021,0.0,2.0,0.0,0.0,0.0,0.0,1.0,2.0
771,29023,0.0,0.0,0.0,0.0,0.0,0.0,1.0,0.0
772,29025,0.0,0.0,0.0,0.0,0.0,1.0,0.0,0.0
773,29035,0.0,0.0,0.0,0.0,0.0,0.0,1.0,0.0
774,29037,0.0,0.0,0.0,0.0,1.0,0.0,0.0,0.0
775,29047,1.0,0.0,0.0,0.0,0.0,0.0,0.0,0.0
776,29049,0.0,0.0,0.0,0.0,0.0,1.0,0.0,0.0
777,29059,0.0,0.0,0.0,0.0,0.0,0.0,1.0,0.0
778,29077,0.0,0.0,0.0,0.0,0.0,2.0,3.0,1.0
779,29083,1.0,0.0,0.0,0.0,0.0,0.0,0.0,0.0
780,29091,1.0,0.0,0.0,0.0,0.0,0.0,0.0,0.0
781,29095,1.0,3.0,0.0,0.0,3.0,2.0,3.0,4.0
782,29099,1.0,0.0,0.0,0.0,0.0,0.0,0.0,0.0
783,29105,1.0,0.0,0.0,0.0,1.0,0.0,2.0,0.0
784,29113,0.0,0.0,0.0,0.0,0.0,0.0,0.0,2.0
785,29127,0.0,0.0,0.0,0.0,0.0,0.0,1.0,0.0
786,29161,0.0,0.0,1.0,0.0,0.0,0.0,0.0,0.0
787,29165,0.0,0.0,0.0,0.0,0.0,1.0,1.0,0.0
788,29169,1.0,0.0,0.0,0.0,0.0,0.0,1.0,0.0
789,29175,1.0,0.0,0.0,0.0,0.0,0.0,0.0,0.0
790,29183,1.0,1.0,0.0,0.0,1.0,0.0,3.0,0.0
791,29187,0.0,0.0,0.0,0.0,0.0,0.0,0.0,1.0
792,29189,4.0,7.0,0.0,1.0,2.0,1.0,9.0,3.0
793,29195,0.0,0.0,0.0,0.0,0.0,0.0,1.0,0.0
794,29203,0.0,0.0,0.0,0.0,0.0,0.0,1.0,0.0
795,29207,1.0,0.0,0.0,0.0,0.0,0.0,0.0,0.0
796,29215,0.0,0.0,0.0,0.0,0.0,0.0,1.0,0.0
797,29217,0.0,0.0,0.0,0.0,0.0,1.0,0.0,0.0
798,29225,0.0,0.0,0.0,0.0,0.0,0.0,1.0,0.0
799,29510,5.0,9.0,3.0,0.0,3.0,3.0,4.0,1.0
800,30003,1.0,0.0,0.0,0.0,0.0,0.0,2.0,0.0
801,30005,0.0,3.0,0.0,0.0,0.0,0.0,1.0,0.0
802,30009,0.0,1.0,0.0,0.0,0.0,0.0,1.0,0.0
803,30013,0.0,12.0,0.0,0.0,0.0,0.0,0.0,0.0
804,30015,0.0,1.0,0.0,0.0,0.0,0.0,0.0,0.0
805,30017,0.0,2.0,1.0,1.0,0.0,0.0,1.0,0.0
806,30021,0.0,0.0,0.0,0.0,0.0,0.0,3.0,0.0
807,30029,0.0,0.0,0.0,0.0,0.0,0.0,1.0,0.0
808,30031,1.0,0.0,0.0,0.0,0.0,0.0,0.0,0.0
809,30033,0.0,1.0,0.0,0.0,0.0,0.0,0.0,0.0
810,30041,0.0,2.0,0.0,0.0,0.0,0.0,0.0,0.0
811,30047,1.0,1.0,0.0,0.0,0.0,0.0,0.0,0.0
812,30049,1.0,2.0,1.0,0.0,1.0,0.0,1.0,0.0
813,30055,2.0,3.0,0.0,0.0,0.0,0.0,1.0,0.0
814,30057,1.0,0.0,0.0,0.0,0.0,0.0,0.0,0.0
815,30067,0.0,0.0,0.0,0.0,0.0,0.0,1.0,0.0
816,30071,0.0,0.0,0.0,0.0,0.0,0.0,3.0,0.0
817,30073,0.0,1.0,0.0,0.0,0.0,0.0,0.0,0.0
818,30079,0.0,0.0,0.0,0.0,0.0,0.0,1.0,0.0
819,30081,0.0,1.0,0.0,0.0,0.0,0.0,0.0,0.0
820,30083,1.0,1.0,0.0,0.0,1.0,0.0,7.0,2.0
821,30085,0.0,1.0,0.0,0.0,0.0,0.0,0.0,0.0
822,30087,0.0,0.0,0.0,0.0,0.0,0.0,1.0,0.0
823,30089,0.0,0.0,1.0,0.0,0.0,0.0,0.0,0.0
824,30091,0.0,0.0,0.0,0.0,0.0,0.0,1.0,0.0
825,30095,1.0,0.0,0.0,0.0,0.0,0.0,0.0,0.0
826,30099,0.0,1.0,0.0,0.0,0.0,0.0,0.0,0.0
827,30101,1.0,3.0,0.0,0.0,0.0,0.0,0.0,0.0
828,30105,0.0,4.0,0.0,0.0,0.0,0.0,6.0,2.0
829,30111,1.0,7.0,0.0,0.0,0.0,0.0,11.0,1.0
830,31001,1.0,0.0,0.0,0.0,3.0,4.0,3.0,3.0
831,31003,0.0,0.0,0.0,0.0,0.0,0.0,0.0,2.0
832,31009,0.0,0.0,0.0,0.0,0.0,0.0,0.0,1.0
833,31011,0.0,1.0,0.0,0.0,2.0,0.0,0.0,2.0
834,31013,1.0,1.0,1.0,0.0,0.0,0.0,4.0,2.0
835,31015,0.0,0.0,1.0,0.0,0.0,0.0,0.0,0.0
836,31019,2.0,5.0,1.0,1.0,1.0,7.0,3.0,2.0
837,31021,0.0,1.0,0.0,0.0,0.0,0.0,0.0,0.0
838,31023,0.0,4.0,0.0,0.0,3.0,1.0,0.0,1.0
839,31025,0.0,9.0,0.0,0.0,0.0,0.0,1.0,1.0
840,31027,0.0,0.0,0.0,0.0,0.0,1.0,0.0,0.0
841,31029,0.0,1.0,0.0,0.0,0.0,0.0,3.0,1.0
842,31033,2.0,0.0,0.0,0.0,1.0,0.0,7.0,1.0
843,31035,0.0,1.0,0.0,0.0,0.0,1.0,0.0,0.0
844,31037,0.0,3.0,0.0,0.0,0.0,0.0,0.0,3.0
845,31039,3.0,3.0,1.0,0.0,3.0,0.0,2.0,0.0
846,31041,1.0,1.0,1.0,0.0,2.0,1.0,3.0,2.0
847,31043,0.0,0.0,0.0,1.0,0.0,1.0,0.0,0.0
848,31045,0.0,0.0,0.0,0.0,0.0,0.0,2.0,0.0
849,31047,1.0,7.0,0.0,0.0,1.0,0.0,2.0,2.0
850,31049,2.0,2.0,0.0,0.0,0.0,0.0,1.0,1.0
851,31051,1.0,1.0,0.0,0.0,0.0,0.0,0.0,0.0
852,31053,1.0,9.0,0.0,0.0,5.0,1.0,6.0,3.0
853,31055,6.0,71.0,7.0,2.0,19.0,6.0,11.0,17.0
854,31057,0.0,0.0,0.0,0.0,0.0,0.0,1.0,0.0
855,31059,1.0,5.0,0.0,0.0,1.0,0.0,1.0,1.0
856,31061,0.0,2.0,0.0,0.0,0.0,0.0,0.0,0.0
857,31065,0.0,0.0,0.0,0.0,0.0,0.0,1.0,0.0
858,31067,1.0,2.0,1.0,0.0,0.0,0.0,0.0,0.0
859,31069,0.0,1.0,0.0,0.0,0.0,1.0,2.0,0.0
860,31071,0.0,0.0,0.0,0.0,1.0,0.0,0.0,0.0
861,31079,5.0,5.0,0.0,0.0,11.0,3.0,2.0,7.0
862,31081,0.0,2.0,0.0,0.0,5.0,3.0,1.0,1.0
863,31083,0.0,1.0,0.0,0.0,0.0,0.0,1.0,0.0
864,31085,0.0,0.0,0.0,0.0,1.0,0.0,0.0,0.0
865,31087,0.0,0.0,1.0,0.0,0.0,0.0,1.0,1.0
866,31089,3.0,3.0,1.0,0.0,1.0,0.0,3.0,1.0
867,31091,0.0,1.0,0.0,0.0,0.0,0.0,1.0,0.0
868,31093,1.0,1.0,0.0,0.0,2.0,1.0,2.0,0.0
869,31099,1.0,2.0,0.0,0.0,0.0,3.0,4.0,0.0
870,31101,1.0,0.0,0.0,0.0,3.0,0.0,1.0,1.0
871,31105,0.0,0.0,0.0,0.0,0.0,0.0,2.0,0.0
872,31107,0.0,2.0,0.0,0.0,1.0,0.0,0.0,0.0
873,31109,5.0,18.0,1.0,6.0,10.0,5.0,23.0,11.0
874,31111,1.0,6.0,2.0,0.0,1.0,3.0,6.0,2.0
875,31113,0.0,0.0,0.0,1.0,0.0,0.0,0.0,0.0
876,31119,1.0,8.0,1.0,0.0,0.0,2.0,3.0,1.0
877,31121,0.0,1.0,0.0,0.0,3.0,1.0,2.0,3.0
878,31123,4.0,2.0,0.0,0.0,2.0,0.0,1.0,2.0
879,31125,0.0,1.0,0.0,1.0,0.0,0.0,0.0,1.0
880,31127,0.0,3.0,0.0,0.0,0.0,0.0,0.0,0.0
881,31129,0.0,2.0,0.0,0.0,0.0,0.0,0.0,0.0
882,31131,0.0,3.0,0.0,0.0,0.0,0.0,0.0,0.0
883,31133,0.0,0.0,0.0,0.0,0.0,0.0,0.0,1.0
884,31135,1.0,0.0,0.0,0.0,2.0,1.0,4.0,3.0
885,31137,0.0,0.0,0.0,0.0,0.0,4.0,0.0,0.0
886,31139,0.0,0.0,0.0,1.0,0.0,0.0,0.0,0.0
887,31141,2.0,4.0,0.0,0.0,1.0,0.0,2.0,0.0
888,31143,0.0,2.0,0.0,0.0,1.0,0.0,0.0,0.0
889,31145,2.0,1.0,0.0,1.0,1.0,0.0,1.0,0.0
890,31147,0.0,2.0,0.0,0.0,0.0,0.0,0.0,1.0
891,31151,1.0,1.0,0.0,0.0,1.0,0.0,0.0,0.0
892,31153,5.0,33.0,2.0,0.0,5.0,2.0,2.0,1.0
893,31155,0.0,4.0,1.0,1.0,2.0,0.0,3.0,1.0
894,31157,8.0,2.0,2.0,0.0,6.0,0.0,14.0,3.0
895,31159,1.0,0.0,0.0,0.0,1.0,5.0,2.0,2.0
896,31161,0.0,0.0,1.0,0.0,0.0,1.0,2.0,0.0
897,31163,1.0,0.0,0.0,0.0,0.0,1.0,0.0,0.0
898,31165,0.0,0.0,0.0,0.0,0.0,0.0,2.0,0.0
899,31167,1.0,0.0,0.0,0.0,0.0,0.0,1.0,0.0
900,31169,0.0,1.0,0.0,0.0,0.0,0.0,5.0,0.0
901,31171,0.0,0.0,0.0,0.0,0.0,0.0,2.0,0.0
902,31175,1.0,0.0,0.0,0.0,1.0,2.0,0.0,0.0
903,31177,0.0,6.0,2.0,0.0,2.0,0.0,2.0,3.0
904,31179,0.0,1.0,0.0,0.0,0.0,0.0,0.0,1.0
905,31181,0.0,1.0,0.0,0.0,0.0,1.0,0.0,0.0
906,31185,0.0,2.0,1.0,0.0,2.0,2.0,2.0,0.0
907,32001,10.0,2.0,1.0,0.0,0.0,0.0,0.0,1.0
908,32003,3.0,0.0,43.0,1.0,0.0,0.0,1.0,26.0
909,32005,7.0,2.0,0.0,0.0,0.0,0.0,0.0,0.0
910,32007,2.0,0.0,0.0,0.0,0.0,0.0,0.0,0.0
911,32013,3.0,0.0,0.0,0.0,0.0,0.0,0.0,0.0
912,32019,12.0,2.0,0.0,0.0,1.0,0.0,0.0,0.0
913,32031,25.0,2.0,2.0,0.0,0.0,0.0,1.0,0.0
914,32510,5.0,1.0,0.0,0.0,0.0,0.0,0.0,0.0
915,33005,0.0,0.0,0.0,0.0,0.0,0.0,0.0,1.0
916,33013,0.0,0.0,0.0,0.0,0.0,0.0,1.0,0.0
917,33015,1.0,0.0,0.0,0.0,1.0,0.0,0.0,0.0
918,34001,1.0,1.0,2.0,0.0,1.0,0.0,1.0,0.0
919,34003,0.0,10.0,2.0,0.0,4.0,3.0,4.0,6.0
920,34005,0.0,3.0,2.0,0.0,8.0,2.0,1.0,2.0
921,34007,0.0,3.0,0.0,0.0,6.0,3.0,2.0,5.0
922,34009,1.0,2.0,0.0,0.0,0.0,0.0,0.0,1.0
923,34011,0.0,2.0,0.0,0.0,1.0,0.0,0.0,2.0
924,34013,0.0,1.0,0.0,1.0,4.0,0.0,0.0,3.0
925,34015,1.0,1.0,1.0,0.0,1.0,0.0,0.0,0.0
926,34017,0.0,4.0,0.0,0.0,0.0,0.0,0.0,1.0
927,34019,0.0,4.0,1.0,0.0,0.0,0.0,0.0,1.0
928,34021,2.0,1.0,0.0,0.0,2.0,0.0,0.0,3.0
929,34023,1.0,5.0,0.0,0.0,1.0,1.0,3.0,3.0
930,34025,1.0,4.0,0.0,2.0,5.0,5.0,1.0,4.0
931,34027,0.0,4.0,0.0,0.0,0.0,1.0,1.0,0.0
932,34029,1.0,2.0,0.0,0.0,1.0,2.0,0.0,3.0
933,34031,0.0,3.0,0.0,0.0,0.0,0.0,1.0,1.0
934,34033,0.0,0.0,0.0,0.0,0.0,0.0,0.0,1.0
935,34035,0.0,4.0,0.0,0.0,2.0,1.0,0.0,1.0
936,34037,0.0,1.0,0.0,0.0,0.0,0.0,0.0,0.0
937,34039,0.0,1.0,0.0,0.0,0.0,2.0,0.0,2.0
938,34041,0.0,5.0,0.0,0.0,0.0,0.0,0.0,2.0
939,35001,19.0,0.0,6.0,2.0,12.0,1.0,19.0,15.0
940,35005,0.0,0.0,0.0,0.0,3.0,0.0,0.0,0.0
941,35006,0.0,0.0,1.0,0.0,0.0,0.0,0.0,0.0
942,35007,0.0,0.0,0.0,0.0,0.0,0.0,1.0,0.0
943,35009,0.0,0.0,0.0,1.0,1.0,0.0,0.0,0.0
944,35013,3.0,2.0,3.0,2.0,6.0,0.0,1.0,3.0
945,35015,0.0,1.0,0.0,0.0,0.0,0.0,0.0,0.0
946,35019,0.0,0.0,0.0,0.0,1.0,0.0,0.0,0.0
947,35025,0.0,0.0,1.0,0.0,0.0,0.0,1.0,1.0
948,35027,0.0,0.0,0.0,0.0,0.0,0.0,1.0,0.0
949,35028,0.0,0.0,0.0,0.0,0.0,0.0,1.0,0.0
950,35029,0.0,1.0,0.0,0.0,1.0,3.0,0.0,0.0
951,35031,0.0,0.0,0.0,0.0,0.0,1.0,0.0,1.0
952,35033,0.0,0.0,0.0,0.0,0.0,0.0,1.0,0.0
953,35037,1.0,1.0,0.0,0.0,1.0,0.0,2.0,0.0
954,35039,0.0,0.0,1.0,0.0,0.0,0.0,4.0,0.0
955,35041,1.0,0.0,0.0,0.0,2.0,0.0,0.0,0.0
956,35043,2.0,0.0,3.0,0.0,2.0,0.0,5.0,4.0
957,35045,6.0,1.0,16.0,1.0,2.0,3.0,11.0,1.0
958,35047,0.0,0.0,0.0,0.0,0.0,0.0,4.0,0.0
959,35049,0.0,0.0,2.0,1.0,0.0,2.0,8.0,0.0
960,35053,0.0,0.0,1.0,0.0,0.0,0.0,0.0,0.0
961,35055,0.0,0.0,3.0,1.0,1.0,0.0,8.0,0.0
962,35057,0.0,1.0,0.0,0.0,0.0,0.0,2.0,0.0
963,35059,0.0,0.0,0.0,0.0,0.0,0.0,4.0,0.0
964,35061,1.0,0.0,3.0,0.0,2.0,1.0,7.0,2.0
965,36001,0.0,2.0,0.0,0.0,0.0,0.0,0.0,0.0
966,36005,0.0,4.0,0.0,0.0,4.0,1.0,2.0,3.0
967,36007,0.0,2.0,0.0,0.0,0.0,0.0,1.0,0.0
968,36009,0.0,1.0,0.0,0.0,0.0,0.0,0.0,0.0
969,36015,0.0,1.0,0.0,0.0,0.0,0.0,0.0,0.0
970,36019,0.0,0.0,0.0,0.0,0.0,0.0,0.0,2.0
971,36021,0.0,0.0,0.0,0.0,1.0,1.0,0.0,0.0
972,36027,1.0,2.0,0.0,0.0,0.0,0.0,1.0,2.0
973,36029,1.0,2.0,0.0,1.0,0.0,1.0,0.0,0.0
974,36037,0.0,1.0,0.0,0.0,0.0,0.0,0.0,0.0
975,36039,0.0,2.0,0.0,0.0,0.0,1.0,0.0,0.0
976,36045,0.0,0.0,0.0,0.0,0.0,0.0,0.0,1.0
977,36047,9.0,7.0,3.0,1.0,3.0,16.0,8.0,12.0
978,36051,0.0,2.0,0.0,0.0,0.0,0.0,0.0,0.0
979,36055,3.0,6.0,0.0,0.0,0.0,0.0,1.0,0.0
980,36059,9.0,14.0,2.0,6.0,6.0,24.0,17.0,20.0
981,36061,4.0,6.0,0.0,3.0,4.0,6.0,5.0,7.0
982,36063,0.0,1.0,0.0,0.0,0.0,0.0,2.0,1.0
983,36067,2.0,2.0,1.0,0.0,0.0,0.0,0.0,0.0
984,36073,0.0,0.0,0.0,0.0,0.0,0.0,0.0,1.0
985,36075,1.0,0.0,0.0,0.0,0.0,0.0,0.0,0.0
986,36081,8.0,18.0,4.0,2.0,9.0,13.0,9.0,12.0
987,36083,0.0,1.0,0.0,0.0,0.0,0.0,0.0,0.0
988,36085,0.0,1.0,3.0,1.0,1.0,10.0,8.0,2.0
989,36087,0.0,1.0,0.0,0.0,1.0,1.0,2.0,0.0
990,36089,3.0,0.0,0.0,0.0,0.0,0.0,0.0,0.0
991,36091,0.0,2.0,0.0,0.0,0.0,0.0,0.0,1.0
992,36093,0.0,1.0,0.0,0.0,0.0,0.0,0.0,0.0
993,36101,0.0,0.0,0.0,0.0,1.0,0.0,0.0,0.0
994,36103,6.0,11.0,3.0,5.0,9.0,11.0,4.0,20.0
995,36105,0.0,0.0,0.0,0.0,0.0,0.0,1.0,1.0
996,36107,0.0,1.0,0.0,0.0,0.0,0.0,0.0,0.0
997,36109,0.0,0.0,0.0,0.0,0.0,0.0,0.0,1.0
998,36111,0.0,2.0,0.0,0.0,0.0,0.0,0.0,0.0
999,36115,0.0,1.0,0.0,0.0,0.0,0.0,0.0,0.0
1000,36117,0.0,0.0,0.0,0.0,0.0,0.0,0.0,1.0
1001,36119,3.0,4.0,1.0,3.0,3.0,5.0,5.0,12.0
1002,36121,1.0,0.0,0.0,0.0,0.0,0.0,0.0,1.0
1003,37001,1.0,0.0,0.0,0.0,0.0,0.0,0.0,0.0
1004,37009,0.0,1.0,0.0,0.0,0.0,0.0,0.0,0.0
1005,37013,0.0,0.0,0.0,0.0,0.0,0.0,1.0,2.0
1006,37019,0.0,0.0,0.0,0.0,1.0,0.0,0.0,0.0
1007,37021,0.0,0.0,0.0,0.0,1.0,1.0,0.0,1.0
1008,37023,1.0,0.0,0.0,0.0,0.0,0.0,0.0,0.0
1009,37025,0.0,0.0,0.0,0.0,1.0,0.0,1.0,1.0
1010,37035,1.0,2.0,0.0,0.0,0.0,1.0,0.0,0.0
1011,37045,0.0,0.0,0.0,0.0,0.0,0.0,0.0,1.0
1012,37047,0.0,0.0,0.0,0.0,0.0,0.0,0.0,3.0
1013,37051,0.0,1.0,0.0,0.0,0.0,2.0,1.0,1.0
1014,37053,0.0,1.0,0.0,0.0,0.0,0.0,0.0,0.0
1015,37057,0.0,0.0,0.0,0.0,0.0,0.0,1.0,0.0
1016,37063,0.0,0.0,0.0,0.0,0.0,1.0,0.0,0.0
1017,37067,1.0,0.0,0.0,0.0,1.0,0.0,0.0,0.0
1018,37071,0.0,0.0,0.0,0.0,0.0,0.0,0.0,1.0
1019,37081,1.0,1.0,0.0,0.0,0.0,0.0,0.0,2.0
1020,37087,0.0,0.0,1.0,0.0,0.0,0.0,0.0,0.0
1021,37091,1.0,0.0,0.0,0.0,0.0,0.0,0.0,0.0
1022,37101,0.0,0.0,0.0,0.0,0.0,0.0,0.0,1.0
1023,37105,0.0,0.0,0.0,0.0,0.0,0.0,1.0,0.0
1024,37109,0.0,0.0,0.0,0.0,1.0,0.0,0.0,0.0
1025,37117,0.0,0.0,0.0,0.0,0.0,1.0,0.0,0.0
1026,37119,1.0,2.0,0.0,1.0,0.0,3.0,3.0,5.0
1027,37123,1.0,0.0,0.0,0.0,0.0,0.0,0.0,0.0
1028,37125,0.0,0.0,0.0,0.0,0.0,0.0,1.0,0.0
1029,37129,0.0,1.0,0.0,0.0,0.0,2.0,3.0,0.0
1030,37133,0.0,0.0,0.0,0.0,0.0,0.0,0.0,1.0
1031,37135,0.0,0.0,0.0,0.0,0.0,0.0,0.0,1.0
1032,37147,0.0,0.0,0.0,0.0,0.0,0.0,0.0,2.0
1033,37161,0.0,0.0,0.0,0.0,0.0,0.0,0.0,1.0
1034,37179,0.0,0.0,0.0,0.0,1.0,0.0,0.0,0.0
1035,37183,0.0,1.0,0.0,0.0,2.0,1.0,3.0,3.0
1036,37193,0.0,0.0,0.0,0.0,0.0,0.0,0.0,1.0
1037,38001,0.0,1.0,0.0,0.0,0.0,0.0,0.0,0.0
1038,38003,1.0,1.0,0.0,0.0,2.0,2.0,3.0,0.0
1039,38005,1.0,1.0,0.0,0.0,0.0,0.0,0.0,1.0
1040,38007,0.0,1.0,0.0,0.0,0.0,0.0,0.0,0.0
1041,38009,1.0,1.0,0.0,0.0,0.0,0.0,1.0,0.0
1042,38011,0.0,1.0,0.0,0.0,0.0,0.0,0.0,0.0
1043,38013,0.0,2.0,0.0,0.0,0.0,0.0,0.0,0.0
1044,38015,8.0,69.0,2.0,0.0,5.0,1.0,11.0,9.0
1045,38017,4.0,16.0,0.0,0.0,4.0,6.0,5.0,5.0
1046,38019,0.0,1.0,0.0,0.0,0.0,0.0,0.0,0.0
1047,38021,0.0,0.0,0.0,0.0,0.0,2.0,0.0,1.0
1048,38025,0.0,1.0,0.0,0.0,0.0,0.0,0.0,1.0
1049,38029,0.0,1.0,0.0,0.0,1.0,0.0,2.0,0.0
1050,38031,0.0,2.0,0.0,0.0,0.0,0.0,0.0,0.0
1051,38033,1.0,0.0,1.0,0.0,0.0,0.0,0.0,0.0
1052,38035,0.0,6.0,1.0,0.0,0.0,1.0,0.0,2.0
1053,38037,0.0,1.0,0.0,0.0,0.0,0.0,0.0,0.0
1054,38039,1.0,0.0,0.0,0.0,2.0,1.0,0.0,0.0
1055,38041,0.0,1.0,0.0,1.0,0.0,0.0,1.0,0.0
1056,38043,0.0,0.0,0.0,0.0,1.0,0.0,0.0,0.0
1057,38045,1.0,4.0,0.0,0.0,1.0,0.0,0.0,0.0
1058,38049,1.0,4.0,1.0,0.0,0.0,0.0,2.0,1.0
1059,38053,8.0,3.0,0.0,0.0,0.0,0.0,0.0,1.0
1060,38055,2.0,4.0,0.0,2.0,0.0,3.0,1.0,0.0
1061,38057,2.0,5.0,1.0,1.0,3.0,1.0,3.0,0.0
1062,38059,3.0,19.0,0.0,0.0,2.0,3.0,6.0,3.0
1063,38061,6.0,7.0,0.0,0.0,0.0,0.0,2.0,1.0
1064,38063,0.0,1.0,0.0,0.0,0.0,0.0,0.0,0.0
1065,38065,1.0,0.0,0.0,0.0,0.0,0.0,0.0,0.0
1066,38069,2.0,0.0,0.0,0.0,0.0,0.0,0.0,1.0
1067,38071,1.0,5.0,0.0,0.0,0.0,0.0,1.0,3.0
1068,38073,1.0,1.0,0.0,0.0,1.0,0.0,0.0,0.0
1069,38077,2.0,1.0,0.0,0.0,0.0,3.0,2.0,0.0
1070,38081,0.0,1.0,0.0,1.0,1.0,0.0,2.0,1.0
1071,38083,0.0,1.0,0.0,0.0,0.0,0.0,0.0,0.0
1072,38085,0.0,2.0,0.0,0.0,0.0,0.0,1.0,0.0
1073,38089,4.0,6.0,0.0,1.0,2.0,2.0,2.0,1.0
1074,38091,1.0,0.0,0.0,0.0,1.0,0.0,0.0,0.0
1075,38093,1.0,6.0,0.0,0.0,3.0,1.0,3.0,1.0
1076,38097,1.0,1.0,1.0,0.0,0.0,0.0,0.0,0.0
1077,38099,2.0,0.0,0.0,0.0,0.0,0.0,0.0,0.0
1078,38101,2.0,15.0,1.0,1.0,0.0,0.0,5.0,1.0
1079,38103,0.0,1.0,0.0,0.0,0.0,0.0,0.0,0.0
1080,38105,4.0,11.0,1.0,0.0,1.0,0.0,5.0,5.0
1081,39003,0.0,0.0,0.0,0.0,0.0,0.0,1.0,0.0
1082,39007,1.0,0.0,0.0,0.0,0.0,0.0,0.0,2.0
1083,39011,0.0,2.0,0.0,0.0,0.0,0.0,1.0,1.0
1084,39013,0.0,1.0,0.0,0.0,0.0,0.0,0.0,0.0
1085,39017,1.0,0.0,0.0,0.0,0.0,0.0,1.0,0.0
1086,39023,1.0,2.0,0.0,0.0,2.0,0.0,0.0,0.0
1087,39025,2.0,1.0,0.0,0.0,0.0,0.0,0.0,0.0
1088,39029,0.0,1.0,0.0,0.0,0.0,0.0,1.0,0.0
1089,39035,5.0,9.0,0.0,0.0,1.0,2.0,1.0,3.0
1090,39039,1.0,1.0,0.0,0.0,0.0,0.0,0.0,0.0
1091,39043,0.0,1.0,0.0,0.0,0.0,0.0,0.0,0.0
1092,39049,1.0,2.0,0.0,1.0,0.0,2.0,2.0,1.0
1093,39051,0.0,1.0,0.0,0.0,1.0,0.0,0.0,0.0
1094,39057,1.0,0.0,0.0,0.0,0.0,0.0,0.0,0.0
1095,39059,0.0,1.0,0.0,0.0,0.0,0.0,0.0,0.0
1096,39061,4.0,5.0,0.0,0.0,0.0,0.0,2.0,0.0
1097,39063,2.0,0.0,0.0,0.0,0.0,0.0,0.0,1.0
1098,39065,0.0,1.0,0.0,0.0,1.0,0.0,0.0,0.0
1099,39069,0.0,0.0,0.0,0.0,0.0,0.0,0.0,1.0
1100,39071,0.0,0.0,0.0,0.0,0.0,0.0,1.0,0.0
1101,39075,0.0,2.0,1.0,0.0,0.0,0.0,0.0,0.0
1102,39077,1.0,0.0,0.0,0.0,0.0,0.0,0.0,0.0
1103,39081,0.0,0.0,0.0,0.0,1.0,0.0,0.0,0.0
1104,39085,1.0,3.0,0.0,0.0,0.0,0.0,0.0,0.0
1105,39091,1.0,0.0,0.0,0.0,0.0,0.0,0.0,0.0
1106,39093,0.0,1.0,0.0,0.0,0.0,0.0,0.0,2.0
1107,39095,2.0,2.0,1.0,0.0,1.0,0.0,0.0,1.0
1108,39099,0.0,2.0,0.0,0.0,1.0,0.0,0.0,0.0
1109,39103,0.0,1.0,0.0,0.0,0.0,0.0,1.0,0.0
1110,39105,1.0,0.0,0.0,0.0,0.0,0.0,0.0,0.0
1111,39107,0.0,0.0,0.0,0.0,1.0,0.0,1.0,0.0
1112,39113,0.0,3.0,0.0,1.0,1.0,3.0,2.0,0.0
1113,39123,0.0,0.0,0.0,0.0,0.0,0.0,1.0,0.0
1114,39125,0.0,1.0,0.0,0.0,0.0,0.0,0.0,0.0
1115,39127,1.0,0.0,0.0,0.0,0.0,0.0,0.0,0.0
1116,39133,1.0,0.0,0.0,0.0,0.0,0.0,0.0,0.0
1117,39135,0.0,1.0,0.0,0.0,0.0,0.0,0.0,0.0
1118,39139,1.0,0.0,0.0,0.0,1.0,0.0,0.0,0.0
1119,39141,0.0,2.0,0.0,1.0,0.0,0.0,0.0,0.0
1120,39151,1.0,6.0,0.0,0.0,0.0,0.0,2.0,1.0
1121,39153,1.0,3.0,0.0,0.0,1.0,0.0,1.0,0.0
1122,39155,0.0,4.0,1.0,0.0,0.0,0.0,0.0,0.0
1123,39157,1.0,0.0,0.0,0.0,0.0,0.0,0.0,0.0
1124,39161,1.0,0.0,0.0,0.0,0.0,0.0,0.0,0.0
1125,39165,0.0,2.0,0.0,0.0,0.0,0.0,0.0,0.0
1126,39169,2.0,2.0,0.0,0.0,0.0,0.0,0.0,0.0
1127,39171,0.0,1.0,0.0,0.0,0.0,0.0,0.0,0.0
1128,39173,0.0,0.0,0.0,0.0,1.0,0.0,0.0,0.0
1129,39175,0.0,1.0,0.0,0.0,0.0,0.0,0.0,1.0
1130,40003,0.0,0.0,0.0,0.0,0.0,0.0,0.0,1.0
1131,40007,0.0,0.0,0.0,0.0,0.0,0.0,5.0,0.0
1132,40009,0.0,0.0,0.0,0.0,0.0,0.0,2.0,0.0
1133,40011,0.0,1.0,0.0,0.0,0.0,0.0,0.0,0.0
1134,40013,1.0,0.0,0.0,0.0,0.0,0.0,0.0,0.0
1135,40015,0.0,0.0,0.0,0.0,0.0,0.0,0.0,1.0
1136,40017,6.0,4.0,1.0,0.0,0.0,0.0,0.0,1.0
1137,40019,2.0,0.0,0.0,1.0,1.0,0.0,0.0,0.0
1138,40027,2.0,1.0,0.0,0.0,6.0,0.0,1.0,10.0
1139,40029,0.0,0.0,0.0,0.0,0.0,0.0,1.0,0.0
1140,40031,0.0,0.0,0.0,1.0,2.0,0.0,1.0,2.0
1141,40037,0.0,0.0,1.0,0.0,0.0,0.0,0.0,0.0
1142,40039,0.0,1.0,0.0,0.0,0.0,0.0,0.0,0.0
1143,40041,0.0,0.0,0.0,0.0,0.0,0.0,0.0,1.0
1144,40043,0.0,0.0,0.0,0.0,0.0,0.0,1.0,0.0
1145,40045,0.0,0.0,0.0,0.0,0.0,0.0,2.0,0.0
1146,40047,2.0,0.0,0.0,0.0,0.0,0.0,0.0,1.0
1147,40051,0.0,0.0,0.0,0.0,0.0,0.0,0.0,1.0
1148,40053,0.0,0.0,1.0,0.0,0.0,0.0,1.0,0.0
1149,40059,0.0,0.0,0.0,0.0,0.0,0.0,3.0,0.0
1150,40063,0.0,0.0,0.0,0.0,0.0,0.0,1.0,0.0
1151,40065,0.0,0.0,0.0,0.0,0.0,0.0,0.0,1.0
1152,40071,1.0,2.0,0.0,0.0,1.0,0.0,1.0,0.0
1153,40073,0.0,0.0,0.0,0.0,1.0,0.0,0.0,0.0
1154,40079,1.0,0.0,0.0,0.0,0.0,0.0,0.0,0.0
1155,40081,0.0,1.0,0.0,0.0,0.0,0.0,0.0,0.0
1156,40091,0.0,0.0,1.0,0.0,0.0,0.0,0.0,0.0
1157,40093,1.0,0.0,0.0,0.0,0.0,0.0,1.0,0.0
1158,40095,1.0,0.0,0.0,0.0,0.0,0.0,0.0,0.0
1159,40101,3.0,0.0,0.0,1.0,0.0,0.0,1.0,0.0
1160,40109,7.0,3.0,0.0,2.0,2.0,2.0,14.0,11.0
1161,40111,1.0,0.0,0.0,0.0,1.0,0.0,0.0,1.0
1162,40113,1.0,0.0,0.0,0.0,0.0,0.0,0.0,0.0
1163,40115,0.0,0.0,0.0,0.0,0.0,0.0,0.0,1.0
1164,40119,0.0,0.0,0.0,0.0,1.0,0.0,0.0,1.0
1165,40121,1.0,0.0,0.0,0.0,0.0,0.0,3.0,0.0
1166,40125,4.0,0.0,0.0,0.0,2.0,0.0,1.0,0.0
1167,40127,0.0,0.0,0.0,1.0,0.0,0.0,0.0,0.0
1168,40129,0.0,1.0,0.0,0.0,0.0,0.0,0.0,0.0
1169,40131,0.0,0.0,0.0,0.0,0.0,0.0,1.0,1.0
1170,40133,0.0,0.0,0.0,0.0,0.0,1.0,1.0,0.0
1171,40137,1.0,0.0,0.0,0.0,1.0,0.0,1.0,0.0
1172,40139,0.0,2.0,0.0,0.0,1.0,0.0,1.0,0.0
1173,40143,7.0,2.0,4.0,0.0,3.0,1.0,7.0,8.0
1174,40145,0.0,0.0,0.0,0.0,0.0,0.0,1.0,0.0
1175,40147,0.0,0.0,0.0,0.0,0.0,0.0,2.0,0.0
1176,40151,0.0,0.0,0.0,0.0,0.0,0.0,1.0,0.0
1177,40153,0.0,0.0,0.0,1.0,0.0,0.0,0.0,0.0
1178,41001,0.0,0.0,2.0,0.0,1.0,2.0,3.0,0.0
1179,41003,0.0,0.0,0.0,0.0,0.0,0.0,2.0,0.0
1180,41005,0.0,1.0,0.0,0.0,0.0,0.0,0.0,0.0
1181,41009,0.0,0.0,0.0,1.0,0.0,0.0,0.0,0.0
1182,41017,0.0,0.0,1.0,0.0,0.0,0.0,0.0,0.0
1183,41023,1.0,0.0,0.0,0.0,0.0,0.0,0.0,0.0
1184,41025,0.0,1.0,3.0,0.0,0.0,0.0,3.0,0.0
1185,41029,0.0,0.0,0.0,0.0,1.0,1.0,1.0,0.0
1186,41035,0.0,0.0,0.0,0.0,1.0,1.0,1.0,0.0
1187,41045,5.0,0.0,3.0,0.0,2.0,1.0,6.0,0.0
1188,41051,0.0,0.0,0.0,0.0,0.0,0.0,1.0,0.0
1189,42001,0.0,2.0,0.0,0.0,0.0,0.0,0.0,0.0
1190,42003,2.0,5.0,0.0,0.0,3.0,2.0,1.0,4.0
1191,42007,0.0,2.0,0.0,0.0,1.0,0.0,0.0,0.0
1192,42009,0.0,0.0,0.0,0.0,0.0,0.0,0.0,1.0
1193,42011,1.0,7.0,0.0,0.0,0.0,1.0,0.0,2.0
1194,42017,0.0,9.0,0.0,2.0,0.0,2.0,1.0,6.0
1195,42021,0.0,2.0,0.0,0.0,0.0,0.0,0.0,1.0
1196,42025,0.0,1.0,0.0,0.0,0.0,0.0,0.0,0.0
1197,42027,0.0,4.0,0.0,0.0,0.0,0.0,1.0,0.0
1198,42029,4.0,7.0,0.0,0.0,1.0,3.0,0.0,5.0
1199,42035,1.0,1.0,0.0,0.0,0.0,0.0,0.0,0.0
1200,42037,0.0,1.0,0.0,0.0,0.0,0.0,0.0,0.0
1201,42041,2.0,0.0,0.0,0.0,0.0,0.0,0.0,0.0
1202,42043,1.0,2.0,0.0,0.0,0.0,1.0,0.0,1.0
1203,42045,0.0,5.0,0.0,0.0,4.0,2.0,3.0,5.0
1204,42049,0.0,1.0,0.0,0.0,0.0,0.0,0.0,0.0
1205,42051,0.0,1.0,0.0,0.0,0.0,0.0,1.0,0.0
1206,42055,0.0,8.0,2.0,0.0,0.0,2.0,0.0,0.0
1207,42061,0.0,1.0,0.0,0.0,0.0,0.0,0.0,0.0
1208,42069,1.0,0.0,0.0,0.0,0.0,0.0,1.0,1.0
1209,42071,0.0,13.0,0.0,0.0,1.0,3.0,0.0,5.0
1210,42073,0.0,0.0,0.0,0.0,0.0,0.0,0.0,1.0
1211,42075,0.0,6.0,0.0,0.0,1.0,0.0,0.0,1.0
1212,42077,1.0,4.0,0.0,0.0,1.0,0.0,1.0,3.0
1213,42079,0.0,2.0,0.0,0.0,0.0,0.0,0.0,2.0
1214,42081,0.0,1.0,0.0,0.0,0.0,0.0,0.0,0.0
1215,42089,0.0,2.0,0.0,1.0,0.0,0.0,0.0,0.0
1216,42091,1.0,13.0,1.0,2.0,3.0,5.0,3.0,7.0
1217,42093,0.0,1.0,0.0,0.0,0.0,0.0,0.0,0.0
1218,42095,1.0,0.0,0.0,0.0,0.0,1.0,1.0,0.0
1219,42097,1.0,1.0,0.0,0.0,0.0,0.0,2.0,0.0
1220,42099,0.0,0.0,0.0,0.0,0.0,0.0,0.0,1.0
1221,42101,3.0,16.0,3.0,4.0,10.0,11.0,6.0,9.0
1222,42105,0.0,0.0,0.0,1.0,0.0,0.0,0.0,0.0
1223,42107,0.0,2.0,0.0,0.0,0.0,0.0,0.0,1.0
1224,42111,0.0,0.0,0.0,0.0,0.0,1.0,0.0,0.0
1225,42117,0.0,1.0,1.0,0.0,0.0,0.0,0.0,0.0
1226,42119,0.0,0.0,0.0,0.0,0.0,0.0,0.0,1.0
1227,42121,0.0,1.0,0.0,0.0,0.0,0.0,0.0,0.0
1228,42125,0.0,1.0,0.0,0.0,1.0,0.0,0.0,0.0
1229,42129,1.0,1.0,0.0,1.0,0.0,0.0,0.0,0.0
1230,42133,0.0,6.0,0.0,0.0,1.0,0.0,1.0,2.0
1231,44005,0.0,1.0,0.0,0.0,0.0,0.0,1.0,2.0
1232,44007,2.0,0.0,0.0,0.0,1.0,1.0,0.0,4.0
1233,44009,0.0,0.0,0.0,0.0,1.0,0.0,0.0,0.0
1234,45003,0.0,0.0,0.0,1.0,0.0,2.0,0.0,0.0
1235,45005,0.0,0.0,0.0,0.0,0.0,0.0,1.0,0.0
1236,45007,1.0,0.0,0.0,0.0,0.0,1.0,0.0,2.0
1237,45011,1.0,1.0,0.0,0.0,0.0,0.0,0.0,0.0
1238,45013,1.0,0.0,0.0,0.0,0.0,0.0,1.0,0.0
1239,45015,0.0,0.0,0.0,0.0,0.0,0.0,1.0,0.0
1240,45019,1.0,0.0,0.0,0.0,3.0,0.0,0.0,7.0
1241,45021,0.0,1.0,0.0,0.0,0.0,0.0,0.0,0.0
1242,45023,0.0,0.0,0.0,0.0,1.0,0.0,0.0,0.0
1243,45031,0.0,0.0,0.0,1.0,0.0,0.0,0.0,0.0
1244,45033,0.0,0.0,0.0,0.0,0.0,0.0,0.0,1.0
1245,45035,0.0,1.0,0.0,0.0,0.0,0.0,0.0,0.0
1246,45041,0.0,3.0,0.0,0.0,0.0,1.0,1.0,0.0
1247,45043,0.0,0.0,0.0,0.0,0.0,1.0,0.0,0.0
1248,45045,3.0,1.0,1.0,0.0,0.0,1.0,3.0,1.0
1249,45047,0.0,2.0,0.0,0.0,0.0,0.0,1.0,0.0
1250,45051,2.0,1.0,0.0,0.0,2.0,0.0,1.0,3.0
1251,45055,0.0,0.0,0.0,0.0,0.0,0.0,1.0,0.0
1252,45057,0.0,0.0,0.0,0.0,0.0,0.0,1.0,0.0
1253,45059,1.0,0.0,0.0,0.0,0.0,0.0,0.0,0.0
1254,45063,2.0,0.0,0.0,0.0,1.0,1.0,1.0,1.0
1255,45069,0.0,1.0,0.0,0.0,0.0,0.0,0.0,0.0
1256,45071,0.0,0.0,0.0,0.0,1.0,0.0,0.0,0.0
1257,45077,0.0,1.0,0.0,0.0,0.0,0.0,0.0,0.0
1258,45079,2.0,0.0,0.0,0.0,1.0,4.0,0.0,1.0
1259,45083,1.0,1.0,0.0,1.0,0.0,0.0,0.0,1.0
1260,45085,0.0,1.0,0.0,0.0,0.0,1.0,1.0,0.0
1261,45087,1.0,1.0,0.0,0.0,0.0,0.0,0.0,0.0
1262,45091,2.0,0.0,1.0,1.0,0.0,0.0,0.0,1.0
1263,46003,1.0,0.0,0.0,0.0,0.0,0.0,0.0,0.0
1264,46005,2.0,6.0,0.0,0.0,2.0,3.0,4.0,3.0
1265,46009,2.0,1.0,0.0,0.0,1.0,1.0,2.0,0.0
1266,46011,5.0,5.0,0.0,0.0,0.0,4.0,1.0,1.0
1267,46013,4.0,15.0,0.0,5.0,6.0,11.0,9.0,0.0
1268,46015,1.0,1.0,0.0,0.0,0.0,1.0,0.0,0.0
1269,46017,0.0,1.0,0.0,0.0,0.0,0.0,1.0,0.0
1270,46019,0.0,1.0,0.0,0.0,0.0,0.0,0.0,0.0
1271,46021,1.0,0.0,0.0,0.0,0.0,0.0,1.0,0.0
1272,46023,1.0,5.0,0.0,0.0,2.0,0.0,0.0,1.0
1273,46025,1.0,1.0,0.0,0.0,0.0,3.0,2.0,0.0
1274,46027,1.0,4.0,0.0,0.0,0.0,0.0,0.0,0.0
1275,46029,4.0,8.0,0.0,1.0,1.0,1.0,2.0,1.0
1276,46031,0.0,1.0,0.0,0.0,0.0,0.0,1.0,0.0
1277,46035,4.0,1.0,0.0,0.0,1.0,0.0,4.0,1.0
1278,46037,1.0,3.0,1.0,0.0,0.0,1.0,2.0,0.0
1279,46039,1.0,0.0,0.0,0.0,0.0,1.0,2.0,0.0
1280,46041,0.0,5.0,0.0,0.0,1.0,1.0,3.0,1.0
1281,46043,1.0,3.0,0.0,1.0,1.0,1.0,0.0,0.0
1282,46045,0.0,4.0,0.0,1.0,0.0,3.0,1.0,0.0
1283,46047,0.0,0.0,0.0,0.0,0.0,0.0,1.0,0.0
1284,46049,2.0,4.0,0.0,1.0,0.0,1.0,4.0,0.0
1285,46051,1.0,1.0,0.0,0.0,0.0,1.0,0.0,0.0
1286,46053,0.0,0.0,1.0,0.0,0.0,0.0,0.0,1.0
1287,46057,1.0,1.0,1.0,0.0,1.0,1.0,2.0,0.0
1288,46059,0.0,0.0,0.0,0.0,2.0,1.0,1.0,1.0
1289,46061,0.0,2.0,0.0,0.0,0.0,1.0,0.0,0.0
1290,46065,3.0,10.0,2.0,0.0,1.0,1.0,5.0,0.0
1291,46067,3.0,3.0,0.0,0.0,2.0,0.0,1.0,1.0
1292,46069,0.0,1.0,0.0,0.0,0.0,0.0,0.0,0.0
1293,46071,1.0,0.0,0.0,0.0,0.0,0.0,0.0,0.0
1294,46073,0.0,1.0,0.0,0.0,0.0,1.0,1.0,0.0
1295,46077,1.0,2.0,1.0,0.0,3.0,3.0,3.0,2.0
1296,46079,1.0,2.0,0.0,1.0,1.0,1.0,1.0,0.0
1297,46081,0.0,1.0,0.0,0.0,1.0,0.0,0.0,1.0
1298,46083,4.0,11.0,0.0,1.0,0.0,2.0,5.0,0.0
1299,46085,2.0,1.0,0.0,0.0,0.0,0.0,1.0,0.0
1300,46087,1.0,0.0,0.0,2.0,0.0,2.0,1.0,0.0
1301,46089,1.0,0.0,2.0,0.0,0.0,0.0,0.0,0.0
1302,46091,0.0,3.0,0.0,0.0,1.0,1.0,1.0,0.0
1303,46093,1.0,2.0,0.0,0.0,0.0,0.0,2.0,0.0
1304,46095,0.0,1.0,1.0,1.0,0.0,1.0,0.0,0.0
1305,46097,0.0,1.0,0.0,0.0,0.0,1.0,1.0,0.0
1306,46099,4.0,14.0,1.0,4.0,5.0,9.0,11.0,0.0
1307,46101,1.0,0.0,0.0,0.0,1.0,0.0,1.0,0.0
1308,46102,1.0,1.0,0.0,0.0,2.0,0.0,5.0,0.0
1309,46103,7.0,12.0,0.0,0.0,0.0,1.0,5.0,1.0
1310,46105,0.0,0.0,0.0,0.0,0.0,0.0,1.0,0.0
1311,46107,0.0,3.0,0.0,0.0,1.0,1.0,0.0,1.0
1312,46109,0.0,2.0,0.0,0.0,1.0,0.0,0.0,1.0
1313,46111,0.0,0.0,0.0,0.0,1.0,1.0,1.0,0.0
1314,46115,0.0,4.0,0.0,1.0,1.0,1.0,1.0,0.0
1315,46117,0.0,1.0,0.0,0.0,2.0,0.0,0.0,0.0
1316,46119,0.0,2.0,0.0,0.0,0.0,1.0,0.0,0.0
1317,46121,0.0,1.0,0.0,0.0,0.0,0.0,0.0,0.0
1318,46123,1.0,2.0,0.0,0.0,1.0,0.0,0.0,0.0
1319,46125,0.0,0.0,1.0,0.0,0.0,1.0,0.0,0.0
1320,46127,0.0,7.0,0.0,0.0,1.0,3.0,1.0,0.0
1321,46129,1.0,2.0,0.0,1.0,2.0,2.0,1.0,3.0
1322,46135,6.0,5.0,0.0,0.0,2.0,2.0,2.0,0.0
1323,46137,0.0,1.0,0.0,0.0,0.0,0.0,0.0,1.0
1324,47003,1.0,0.0,0.0,0.0,0.0,0.0,0.0,0.0
1325,47033,1.0,0.0,0.0,0.0,0.0,0.0,0.0,1.0
1326,47035,0.0,1.0,0.0,0.0,0.0,0.0,0.0,0.0
1327,47037,5.0,2.0,1.0,0.0,0.0,0.0,2.0,0.0
1328,47045,1.0,0.0,0.0,0.0,0.0,0.0,0.0,0.0
1329,47047,0.0,0.0,0.0,0.0,0.0,0.0,0.0,1.0
1330,47053,0.0,0.0,1.0,0.0,0.0,0.0,0.0,0.0
1331,47063,0.0,0.0,0.0,0.0,0.0,0.0,1.0,0.0
1332,47065,4.0,2.0,0.0,0.0,0.0,0.0,0.0,0.0
1333,47089,0.0,0.0,0.0,0.0,1.0,0.0,1.0,0.0
1334,47093,2.0,0.0,0.0,0.0,0.0,0.0,0.0,1.0
1335,47099,1.0,0.0,0.0,0.0,0.0,0.0,0.0,0.0
1336,47107,1.0,0.0,0.0,0.0,0.0,0.0,0.0,0.0
1337,47121,1.0,0.0,0.0,0.0,0.0,0.0,0.0,0.0
1338,47123,0.0,1.0,0.0,0.0,0.0,0.0,0.0,0.0
1339,47131,0.0,0.0,0.0,0.0,0.0,0.0,1.0,0.0
1340,47149,1.0,0.0,0.0,0.0,0.0,0.0,2.0,0.0
1341,47155,1.0,0.0,0.0,0.0,0.0,0.0,0.0,0.0
1342,47157,6.0,4.0,1.0,0.0,2.0,6.0,7.0,8.0
1343,47163,1.0,0.0,0.0,0.0,0.0,0.0,0.0,0.0
1344,47165,1.0,0.0,0.0,0.0,1.0,0.0,0.0,0.0
1345,47167,1.0,1.0,0.0,0.0,0.0,0.0,0.0,0.0
1346,47169,0.0,0.0,0.0,0.0,0.0,0.0,0.0,1.0
1347,47179,1.0,1.0,0.0,0.0,0.0,0.0,0.0,0.0
1348,47187,0.0,0.0,0.0,0.0,0.0,0.0,1.0,0.0
1349,47189,1.0,0.0,0.0,0.0,0.0,0.0,0.0,0.0
1350,48005,0.0,1.0,0.0,1.0,0.0,1.0,0.0,1.0
1351,48009,0.0,0.0,0.0,0.0,0.0,0.0,0.0,1.0
1352,48011,0.0,0.0,0.0,0.0,0.0,0.0,1.0,0.0
1353,48017,0.0,1.0,0.0,0.0,1.0,0.0,0.0,0.0
1354,48025,0.0,0.0,0.0,0.0,1.0,0.0,0.0,0.0
1355,48027,0.0,0.0,0.0,0.0,0.0,0.0,5.0,5.0
1356,48029,4.0,1.0,0.0,0.0,2.0,1.0,4.0,12.0
1357,48031,0.0,0.0,0.0,1.0,0.0,0.0,0.0,0.0
1358,48037,2.0,0.0,0.0,0.0,0.0,0.0,3.0,1.0
1359,48039,0.0,0.0,1.0,0.0,3.0,0.0,0.0,2.0
1360,48041,0.0,2.0,0.0,1.0,0.0,0.0,0.0,2.0
1361,48045,0.0,1.0,0.0,0.0,0.0,0.0,1.0,0.0
1362,48053,0.0,0.0,0.0,0.0,0.0,0.0,0.0,1.0
1363,48055,0.0,0.0,0.0,0.0,0.0,0.0,0.0,1.0
1364,48059,0.0,0.0,0.0,0.0,0.0,0.0,1.0,0.0
1365,48061,0.0,1.0,0.0,4.0,1.0,0.0,0.0,4.0
1366,48065,0.0,1.0,0.0,0.0,0.0,0.0,1.0,0.0
1367,48069,0.0,1.0,0.0,0.0,0.0,0.0,1.0,0.0
1368,48071,0.0,1.0,0.0,0.0,0.0,0.0,0.0,0.0
1369,48073,0.0,0.0,0.0,0.0,0.0,0.0,0.0,1.0
1370,48075,0.0,0.0,0.0,0.0,0.0,1.0,0.0,0.0
1371,48077,0.0,0.0,0.0,0.0,0.0,0.0,0.0,1.0
1372,48085,12.0,4.0,0.0,5.0,4.0,0.0,2.0,10.0
1373,48089,0.0,0.0,0.0,1.0,0.0,0.0,0.0,0.0
1374,48093,0.0,0.0,0.0,0.0,0.0,0.0,1.0,0.0
1375,48097,1.0,0.0,0.0,0.0,0.0,0.0,0.0,3.0
1376,48101,0.0,0.0,0.0,0.0,0.0,1.0,0.0,0.0
1377,48107,0.0,0.0,0.0,0.0,0.0,0.0,2.0,1.0
1378,48111,0.0,0.0,0.0,0.0,0.0,0.0,1.0,0.0
1379,48113,26.0,13.0,1.0,20.0,28.0,3.0,22.0,35.0
1380,48115,0.0,0.0,0.0,0.0,0.0,0.0,1.0,0.0
1381,48117,1.0,0.0,0.0,0.0,1.0,0.0,2.0,0.0
1382,48121,12.0,2.0,0.0,7.0,4.0,0.0,6.0,24.0
1383,48129,0.0,0.0,0.0,0.0,0.0,0.0,1.0,0.0
1384,48135,0.0,1.0,0.0,0.0,2.0,0.0,1.0,2.0
1385,48139,1.0,1.0,0.0,1.0,1.0,0.0,0.0,3.0
1386,48141,14.0,6.0,16.0,7.0,18.0,10.0,5.0,1.0
1387,48143,0.0,0.0,0.0,0.0,0.0,0.0,0.0,1.0
1388,48153,0.0,0.0,1.0,0.0,1.0,0.0,1.0,0.0
1389,48157,0.0,2.0,0.0,0.0,4.0,0.0,1.0,6.0
1390,48159,0.0,0.0,1.0,0.0,0.0,0.0,1.0,0.0
1391,48167,0.0,1.0,0.0,0.0,5.0,0.0,1.0,2.0
1392,48169,0.0,0.0,0.0,0.0,0.0,0.0,0.0,1.0
1393,48173,0.0,0.0,0.0,0.0,0.0,0.0,1.0,0.0
1394,48177,0.0,0.0,0.0,0.0,0.0,0.0,0.0,1.0
1395,48179,0.0,0.0,0.0,0.0,1.0,0.0,1.0,0.0
1396,48181,0.0,0.0,0.0,0.0,1.0,0.0,5.0,5.0
1397,48183,0.0,2.0,0.0,0.0,0.0,0.0,1.0,0.0
1398,48185,0.0,0.0,0.0,0.0,0.0,0.0,0.0,3.0
1399,48187,0.0,1.0,0.0,0.0,0.0,0.0,0.0,0.0
1400,48189,0.0,1.0,1.0,0.0,0.0,0.0,3.0,0.0
1401,48191,0.0,0.0,0.0,0.0,1.0,0.0,0.0,0.0
1402,48195,0.0,1.0,0.0,0.0,0.0,0.0,2.0,0.0
1403,48201,16.0,39.0,2.0,1.0,10.0,5.0,2.0,77.0
1404,48203,0.0,0.0,0.0,0.0,0.0,0.0,0.0,1.0
1405,48205,0.0,0.0,0.0,0.0,0.0,0.0,1.0,0.0
1406,48207,0.0,1.0,0.0,0.0,0.0,0.0,0.0,0.0
1407,48209,0.0,0.0,0.0,0.0,0.0,0.0,0.0,5.0
1408,48211,0.0,0.0,0.0,0.0,0.0,0.0,2.0,0.0
1409,48213,0.0,0.0,0.0,0.0,0.0,0.0,1.0,1.0
1410,48215,0.0,4.0,0.0,6.0,1.0,0.0,0.0,14.0
1411,48217,0.0,0.0,0.0,1.0,0.0,0.0,0.0,1.0
1412,48219,1.0,0.0,0.0,0.0,1.0,0.0,1.0,2.0
1413,48221,0.0,0.0,0.0,2.0,2.0,1.0,0.0,5.0
1414,48231,0.0,1.0,0.0,0.0,0.0,1.0,2.0,0.0
1415,48233,1.0,0.0,0.0,0.0,0.0,0.0,6.0,1.0
1416,48245,0.0,0.0,0.0,1.0,0.0,0.0,0.0,0.0
1417,48247,0.0,0.0,0.0,0.0,0.0,0.0,0.0,1.0
1418,48249,1.0,0.0,0.0,0.0,0.0,0.0,0.0,0.0
1419,48251,1.0,2.0,0.0,0.0,2.0,1.0,0.0,6.0
1420,48255,1.0,0.0,0.0,0.0,0.0,0.0,0.0,0.0
1421,48257,0.0,1.0,0.0,0.0,0.0,0.0,0.0,7.0
1422,48259,0.0,0.0,0.0,0.0,1.0,0.0,0.0,0.0
1423,48277,0.0,0.0,0.0,0.0,0.0,0.0,0.0,1.0
1424,48279,0.0,0.0,1.0,0.0,0.0,0.0,0.0,0.0
1425,48293,1.0,0.0,0.0,0.0,0.0,0.0,0.0,0.0
1426,48295,0.0,0.0,0.0,0.0,0.0,0.0,1.0,0.0
1427,48303,2.0,4.0,1.0,1.0,9.0,0.0,7.0,14.0
1428,48305,0.0,0.0,1.0,0.0,0.0,0.0,2.0,0.0
1429,48309,0.0,0.0,0.0,1.0,0.0,0.0,0.0,9.0
1430,48317,0.0,0.0,0.0,0.0,0.0,0.0,1.0,1.0
1431,48329,0.0,2.0,1.0,0.0,1.0,0.0,0.0,3.0
1432,48331,0.0,0.0,0.0,0.0,0.0,0.0,0.0,1.0
1433,48337,0.0,0.0,0.0,0.0,0.0,0.0,0.0,1.0
1434,48339,2.0,11.0,0.0,6.0,2.0,13.0,4.0,25.0
1435,48341,0.0,0.0,0.0,0.0,1.0,0.0,1.0,0.0
1436,48349,0.0,1.0,0.0,0.0,0.0,0.0,0.0,2.0
1437,48353,0.0,0.0,1.0,0.0,0.0,0.0,0.0,0.0
1438,48355,1.0,0.0,0.0,0.0,6.0,0.0,0.0,2.0
1439,48357,0.0,0.0,0.0,0.0,0.0,0.0,4.0,0.0
1440,48361,0.0,1.0,0.0,2.0,0.0,0.0,0.0,0.0
1441,48363,0.0,0.0,0.0,0.0,1.0,0.0,0.0,1.0
1442,48365,1.0,0.0,0.0,0.0,0.0,0.0,0.0,0.0
1443,48367,0.0,0.0,0.0,1.0,0.0,0.0,0.0,5.0
1444,48369,0.0,0.0,0.0,0.0,2.0,0.0,2.0,0.0
1445,48373,0.0,0.0,0.0,0.0,0.0,0.0,0.0,1.0
1446,48375,1.0,0.0,1.0,0.0,2.0,0.0,9.0,1.0
1447,48381,1.0,1.0,0.0,1.0,4.0,1.0,11.0,4.0
1448,48387,0.0,0.0,0.0,1.0,0.0,0.0,0.0,0.0
1449,48389,0.0,0.0,0.0,0.0,1.0,0.0,0.0,0.0
1450,48393,0.0,1.0,0.0,0.0,0.0,0.0,0.0,0.0
1451,48397,1.0,0.0,0.0,0.0,0.0,0.0,0.0,0.0
1452,48399,0.0,1.0,1.0,0.0,0.0,0.0,0.0,0.0
1453,48405,0.0,0.0,0.0,0.0,0.0,0.0,1.0,2.0
1454,48409,2.0,0.0,0.0,0.0,0.0,0.0,0.0,0.0
1455,48423,1.0,4.0,0.0,0.0,0.0,0.0,5.0,2.0
1456,48431,1.0,0.0,0.0,0.0,0.0,0.0,0.0,0.0
1457,48433,0.0,0.0,0.0,0.0,0.0,0.0,0.0,1.0
1458,48437,1.0,0.0,0.0,0.0,0.0,0.0,1.0,0.0
1459,48439,20.0,18.0,1.0,40.0,9.0,4.0,12.0,71.0
1460,48441,0.0,0.0,0.0,0.0,0.0,0.0,1.0,1.0
1461,48445,0.0,0.0,0.0,0.0,0.0,0.0,0.0,1.0
1462,48451,0.0,1.0,1.0,0.0,0.0,0.0,0.0,1.0
1463,48453,0.0,4.0,0.0,4.0,3.0,1.0,3.0,33.0
1464,48455,0.0,1.0,0.0,0.0,0.0,0.0,0.0,0.0
1465,48459,0.0,0.0,0.0,0.0,1.0,0.0,2.0,0.0
1466,48463,0.0,0.0,0.0,1.0,0.0,0.0,0.0,0.0
1467,48465,1.0,0.0,0.0,0.0,0.0,0.0,0.0,0.0
1468,48467,2.0,0.0,0.0,0.0,2.0,0.0,0.0,0.0
1469,48469,0.0,0.0,0.0,0.0,0.0,0.0,1.0,0.0
1470,48471,0.0,1.0,0.0,0.0,0.0,0.0,0.0,2.0
1471,48473,0.0,0.0,0.0,0.0,1.0,0.0,0.0,0.0
1472,48479,1.0,1.0,0.0,1.0,0.0,0.0,0.0,0.0
1473,48481,0.0,1.0,0.0,0.0,0.0,1.0,0.0,0.0
1474,48483,1.0,0.0,0.0,0.0,0.0,0.0,0.0,0.0
1475,48485,0.0,0.0,0.0,0.0,1.0,0.0,0.0,10.0
1476,48487,0.0,0.0,0.0,0.0,0.0,0.0,0.0,1.0
1477,48491,1.0,0.0,0.0,3.0,0.0,1.0,1.0,4.0
1478,48497,0.0,0.0,0.0,0.0,0.0,0.0,0.0,2.0
1479,48499,0.0,0.0,0.0,1.0,0.0,0.0,0.0,0.0
1480,48501,0.0,0.0,0.0,0.0,1.0,0.0,0.0,0.0
1481,48503,0.0,0.0,0.0,0.0,0.0,0.0,0.0,3.0
1482,48507,0.0,0.0,0.0,0.0,0.0,0.0,1.0,0.0
1483,49003,4.0,2.0,0.0,0.0,0.0,0.0,0.0,3.0
1484,49005,4.0,0.0,1.0,0.0,0.0,0.0,0.0,2.0
1485,49011,8.0,0.0,5.0,2.0,9.0,0.0,2.0,3.0
1486,49013,4.0,1.0,0.0,0.0,0.0,0.0,1.0,0.0
1487,49015,0.0,0.0,0.0,0.0,0.0,0.0,0.0,1.0
1488,49019,0.0,1.0,3.0,0.0,0.0,0.0,0.0,0.0
1489,49027,1.0,0.0,0.0,0.0,0.0,0.0,0.0,0.0
1490,49035,29.0,5.0,2.0,0.0,11.0,3.0,1.0,0.0
1491,49037,2.0,0.0,0.0,0.0,0.0,0.0,0.0,0.0
1492,49041,0.0,0.0,1.0,0.0,0.0,0.0,0.0,0.0
1493,49047,1.0,1.0,2.0,0.0,0.0,1.0,1.0,0.0
1494,49049,7.0,1.0,1.0,0.0,0.0,0.0,0.0,3.0
1495,49053,0.0,0.0,5.0,0.0,2.0,0.0,1.0,0.0
1496,49057,2.0,0.0,1.0,0.0,6.0,1.0,2.0,2.0
1497,50001,1.0,0.0,0.0,0.0,0.0,0.0,0.0,0.0
1498,50003,0.0,1.0,0.0,0.0,0.0,0.0,0.0,0.0
1499,50007,0.0,0.0,0.0,0.0,1.0,0.0,0.0,1.0
1500,50013,2.0,0.0,0.0,0.0,0.0,0.0,0.0,0.0
1501,51013,0.0,3.0,1.0,0.0,0.0,0.0,0.0,0.0
1502,51031,0.0,1.0,0.0,0.0,0.0,0.0,0.0,0.0
1503,51041,1.0,0.0,0.0,0.0,0.0,0.0,0.0,0.0
1504,51059,5.0,9.0,3.0,0.0,1.0,0.0,3.0,1.0
1505,51061,0.0,1.0,0.0,0.0,0.0,0.0,0.0,0.0
1506,51069,0.0,1.0,0.0,0.0,0.0,0.0,0.0,0.0
1507,51079,0.0,1.0,0.0,0.0,0.0,0.0,1.0,0.0
1508,51085,0.0,1.0,0.0,0.0,0.0,0.0,0.0,0.0
1509,51087,0.0,3.0,0.0,0.0,0.0,0.0,2.0,0.0
1510,51093,0.0,0.0,0.0,0.0,0.0,0.0,1.0,0.0
1511,51107,0.0,1.0,0.0,1.0,0.0,1.0,1.0,0.0
1512,51115,0.0,0.0,0.0,0.0,0.0,1.0,0.0,0.0
1513,51117,0.0,1.0,0.0,0.0,0.0,0.0,0.0,0.0
1514,51133,0.0,0.0,1.0,0.0,0.0,0.0,0.0,0.0
1515,51145,1.0,0.0,0.0,0.0,0.0,0.0,0.0,0.0
1516,51147,0.0,1.0,0.0,0.0,0.0,0.0,0.0,0.0
1517,51153,1.0,1.0,0.0,0.0,1.0,0.0,0.0,0.0
1518,51157,0.0,1.0,0.0,0.0,0.0,0.0,0.0,0.0
1519,51161,0.0,1.0,0.0,0.0,0.0,0.0,0.0,0.0
1520,51165,2.0,4.0,0.0,0.0,0.0,0.0,0.0,1.0
1521,51171,0.0,1.0,0.0,0.0,0.0,0.0,0.0,0.0
1522,51187,1.0,0.0,0.0,0.0,0.0,0.0,0.0,1.0
1523,51193,0.0,0.0,0.0,0.0,0.0,0.0,1.0,0.0
1524,51510,0.0,2.0,1.0,0.0,0.0,0.0,0.0,1.0
1525,51550,0.0,2.0,0.0,0.0,0.0,0.0,0.0,1.0
1526,51630,0.0,1.0,0.0,0.0,0.0,0.0,0.0,0.0
1527,51650,0.0,0.0,0.0,0.0,0.0,1.0,1.0,0.0
1528,51660,0.0,1.0,0.0,0.0,0.0,0.0,0.0,1.0
1529,51680,0.0,1.0,0.0,0.0,0.0,0.0,0.0,0.0
1530,51700,0.0,0.0,0.0,0.0,0.0,1.0,1.0,1.0
1531,51710,0.0,3.0,0.0,0.0,2.0,0.0,0.0,0.0
1532,51730,0.0,0.0,0.0,0.0,0.0,0.0,1.0,0.0
1533,51760,1.0,1.0,0.0,1.0,0.0,0.0,0.0,1.0
1534,51770,0.0,1.0,0.0,0.0,0.0,2.0,0.0,1.0
1535,51810,0.0,2.0,0.0,0.0,1.0,0.0,0.0,0.0
1536,51820,0.0,1.0,0.0,0.0,0.0,0.0,0.0,0.0
1537,51840,1.0,2.0,0.0,0.0,0.0,0.0,0.0,0.0
1538,53005,0.0,0.0,5.0,1.0,1.0,0.0,0.0,0.0
1539,53009,0.0,0.0,0.0,0.0,0.0,1.0,0.0,0.0
1540,53011,1.0,0.0,0.0,0.0,0.0,0.0,1.0,0.0
1541,53021,0.0,0.0,0.0,0.0,1.0,0.0,0.0,0.0
1542,53033,2.0,1.0,0.0,0.0,0.0,1.0,1.0,1.0
1543,53047,1.0,0.0,0.0,0.0,0.0,0.0,0.0,0.0
1544,53053,1.0,0.0,0.0,0.0,0.0,1.0,0.0,0.0
1545,53063,8.0,0.0,0.0,0.0,0.0,1.0,0.0,0.0
1546,53067,0.0,1.0,0.0,0.0,0.0,0.0,0.0,0.0
1547,53071,0.0,0.0,0.0,0.0,1.0,0.0,2.0,0.0
1548,53073,0.0,1.0,0.0,0.0,0.0,0.0,0.0,0.0
1549,53077,0.0,0.0,0.0,1.0,1.0,0.0,0.0,0.0
1550,54003,0.0,0.0,0.0,0.0,0.0,0.0,0.0,2.0
1551,54011,1.0,0.0,0.0,0.0,0.0,0.0,0.0,0.0
1552,54031,0.0,1.0,0.0,0.0,0.0,0.0,1.0,0.0
1553,54061,0.0,0.0,0.0,0.0,0.0,0.0,1.0,0.0
1554,54109,0.0,1.0,0.0,0.0,0.0,0.0,0.0,0.0
1555,55001,0.0,0.0,0.0,0.0,1.0,0.0,0.0,0.0
1556,55005,1.0,0.0,0.0,0.0,0.0,0.0,0.0,0.0
1557,55007,0.0,1.0,0.0,0.0,0.0,0.0,0.0,0.0
1558,55009,2.0,2.0,0.0,0.0,0.0,0.0,1.0,2.0
1559,55011,1.0,0.0,0.0,0.0,0.0,0.0,0.0,0.0
1560,55015,1.0,0.0,0.0,0.0,0.0,0.0,0.0,2.0
1561,55023,1.0,0.0,0.0,0.0,0.0,0.0,1.0,0.0
1562,55025,8.0,8.0,0.0,0.0,1.0,0.0,7.0,6.0
1563,55027,1.0,0.0,0.0,0.0,0.0,0.0,0.0,0.0
1564,55031,1.0,0.0,0.0,0.0,0.0,0.0,1.0,1.0
1565,55033,0.0,1.0,0.0,0.0,0.0,0.0,0.0,1.0
1566,55035,1.0,0.0,0.0,0.0,0.0,0.0,0.0,1.0
1567,55039,1.0,0.0,0.0,0.0,0.0,1.0,1.0,1.0
1568,55045,0.0,0.0,0.0,0.0,0.0,0.0,1.0,0.0
1569,55049,0.0,1.0,0.0,0.0,0.0,0.0,0.0,0.0
1570,55055,1.0,3.0,0.0,0.0,0.0,0.0,1.0,2.0
1571,55057,2.0,0.0,0.0,0.0,0.0,0.0,0.0,0.0
1572,55059,0.0,1.0,0.0,1.0,0.0,0.0,0.0,1.0
1573,55061,1.0,0.0,0.0,0.0,0.0,0.0,1.0,0.0
1574,55063,0.0,0.0,0.0,0.0,1.0,0.0,0.0,0.0
1575,55065,1.0,0.0,0.0,0.0,0.0,0.0,0.0,0.0
1576,55069,0.0,0.0,0.0,1.0,0.0,0.0,0.0,0.0
1577,55071,0.0,0.0,1.0,0.0,0.0,0.0,0.0,1.0
1578,55073,1.0,1.0,0.0,0.0,0.0,0.0,1.0,0.0
1579,55075,0.0,0.0,0.0,0.0,0.0,0.0,1.0,0.0
1580,55079,5.0,6.0,1.0,1.0,2.0,1.0,7.0,3.0
1581,55081,2.0,0.0,0.0,0.0,0.0,0.0,0.0,0.0
1582,55083,2.0,0.0,0.0,0.0,0.0,0.0,0.0,0.0
1583,55087,1.0,0.0,0.0,0.0,1.0,1.0,0.0,2.0
1584,55089,0.0,0.0,0.0,1.0,0.0,0.0,0.0,0.0
1585,55093,0.0,0.0,0.0,0.0,0.0,0.0,1.0,0.0
1586,55099,1.0,0.0,0.0,0.0,0.0,0.0,0.0,0.0
1587,55101,2.0,1.0,0.0,0.0,0.0,0.0,0.0,1.0
1588,55105,1.0,1.0,0.0,0.0,1.0,0.0,0.0,1.0
1589,55113,0.0,0.0,0.0,0.0,1.0,0.0,0.0,0.0
1590,55115,4.0,0.0,0.0,0.0,0.0,0.0,0.0,0.0
1591,55117,0.0,0.0,0.0,0.0,0.0,1.0,0.0,1.0
1592,55121,1.0,1.0,0.0,0.0,0.0,0.0,0.0,1.0
1593,55125,1.0,0.0,0.0,0.0,0.0,0.0,0.0,0.0
1594,55127,1.0,1.0,0.0,1.0,0.0,0.0,0.0,0.0
1595,55131,0.0,0.0,0.0,0.0,0.0,0.0,0.0,2.0
1596,55133,4.0,5.0,0.0,0.0,0.0,2.0,1.0,1.0
1597,55139,0.0,0.0,0.0,0.0,0.0,0.0,0.0,1.0
1598,55141,2.0,0.0,0.0,0.0,0.0,0.0,0.0,1.0
1599,56003,1.0,0.0,0.0,0.0,0.0,0.0,0.0,0.0
1600,56005,0.0,0.0,1.0,0.0,0.0,0.0,1.0,0.0
1601,56007,0.0,0.0,0.0,0.0,0.0,0.0,1.0,0.0
1602,56011,0.0,0.0,1.0,0.0,0.0,0.0,0.0,0.0
1603,56013,3.0,2.0,0.0,1.0,0.0,0.0,2.0,0.0
1604,56015,2.0,1.0,0.0,0.0,1.0,0.0,7.0,1.0
1605,56017,1.0,0.0,0.0,0.0,0.0,0.0,0.0,0.0
1606,56021,0.0,1.0,0.0,0.0,0.0,1.0,6.0,0.0
1607,56025,0.0,0.0,1.0,0.0,0.0,1.0,3.0,1.0
1608,56029,0.0,0.0,0.0,0.0,0.0,1.0,1.0,0.0
1609,56031,0.0,0.0,0.0,0.0,0.0,0.0,3.0,0.0
1610,56033,0.0,0.0,0.0,0.0,0.0,0.0,1.0,0.0
1611,56043,0.0,0.0,1.0,0.0,0.0,0.0,2.0,0.0
